defect_id,department,system_source,station_code,station_name,chainage_km,defect_category,asset_age_years,overdue_days,estimated_repair_hours,safety_risk_score,target_mpi_score,urgency_level,predicted_mpi_score,predicted_urgency_level,priority_rank
SMMS-DEF-0232,S_AND_T,SMMS,TBM,Tambaram,29.14,POINT_GROUND_CONNECTION_WEAR,4.1,81,2.5,10,100.0,CRITICAL_EMERGENCY,99.2,CRITICAL_EMERGENCY,1
SMMS-DEF-0176,S_AND_T,SMMS,STM,St. Thomas Mount,17.12,POINT_GROUND_CONNECTION_WEAR,14.5,49,2.5,10,94.1,CRITICAL_EMERGENCY,93.9,CRITICAL_EMERGENCY,2
SMMS-DEF-0147,S_AND_T,SMMS,NBK,Nungambakkam,8.15,POINT_GROUND_CONNECTION_WEAR,13.9,42,2.5,10,90.9,CRITICAL_EMERGENCY,90.8,CRITICAL_EMERGENCY,3
SMMS-DEF-0025,S_AND_T,SMMS,GI,Guduvancheri,40.73,AXLE_COUNTER_DRIFT,13.2,30,1.5,10,90.1,CRITICAL_EMERGENCY,89.8,CRITICAL_EMERGENCY,4
SMMS-DEF-0200,S_AND_T,SMMS,TBMS,Tambaram Sanatorium,27.64,POINT_GROUND_CONNECTION_WEAR,2.7,42,2.5,10,89.1,CRITICAL_EMERGENCY,87.7,CRITICAL_EMERGENCY,5
SMMS-DEF-0233,S_AND_T,SMMS,MS,Chennai Egmore,4.32,POINT_MACHINE_MOTOR_SLUGGISH,9.0,56,2.0,8,86.7,CRITICAL_EMERGENCY,86.2,CRITICAL_EMERGENCY,6
TMS-DEF-0262,ENGINEERING_CIVIL,TMS,UPM,Urapakkam,37.18,RAIL_FRACTURE_RISK,8.3,46,3.5,10,86.1,CRITICAL_EMERGENCY,85.8,CRITICAL_EMERGENCY,7
SMMS-DEF-0142,S_AND_T,SMMS,STM,St. Thomas Mount,17.12,POINT_GROUND_CONNECTION_WEAR,10.6,43,2.5,10,84.5,CRITICAL_EMERGENCY,85.2,CRITICAL_EMERGENCY,8
SMMS-DEF-0199,S_AND_T,SMMS,MN,Meenambakkam,20.09,TRACK_CIRCUIT_INSULATION_FAIL,7.1,36,2.0,9,85.7,CRITICAL_EMERGENCY,84.4,CRITICAL_EMERGENCY,9
SMMS-DEF-0006,S_AND_T,SMMS,NBK,Nungambakkam,8.15,POINT_GROUND_CONNECTION_WEAR,4.9,37,2.5,9,83.3,CRITICAL_EMERGENCY,83.0,CRITICAL_EMERGENCY,10
TDMS-DEF-0126,ELECTRICAL_TRD,TDMS,MN,Meenambakkam,20.15,NEUTRAL_SECTION_MAINTENANCE,11.2,40,3.5,10,81.9,CRITICAL_EMERGENCY,82.1,CRITICAL_EMERGENCY,11
SMMS-DEF-0189,S_AND_T,SMMS,MKK,Kodambakkam,9.28,AXLE_COUNTER_DRIFT,9.8,30,1.5,9,83.6,CRITICAL_EMERGENCY,82.0,CRITICAL_EMERGENCY,12
SMMS-DEF-0065,S_AND_T,SMMS,SP,Saidapet,12.9,POINT_GROUND_CONNECTION_WEAR,7.7,28,2.5,10,80.6,CRITICAL_EMERGENCY,81.3,CRITICAL_EMERGENCY,13
SMMS-DEF-0096,S_AND_T,SMMS,STM,St. Thomas Mount,17.12,POINT_GROUND_CONNECTION_WEAR,11.5,26,2.5,10,82.7,CRITICAL_EMERGENCY,81.3,CRITICAL_EMERGENCY,14
SMMS-DEF-0213,S_AND_T,SMMS,SP,Saidapet,12.9,POINT_GROUND_CONNECTION_WEAR,9.9,26,2.5,10,80.8,CRITICAL_EMERGENCY,80.8,CRITICAL_EMERGENCY,15
SMMS-DEF-0059,S_AND_T,SMMS,CGL,Chengalpattu Junction,59.7,ELECTRONIC_INTERLOCKING_CARD,5.7,28,1.5,10,71.8,CRITICAL_EMERGENCY,80.7,CRITICAL_EMERGENCY,16
SMMS-DEF-0186,S_AND_T,SMMS,SP,Saidapet,12.9,POINT_MACHINE_MOTOR_SLUGGISH,8.5,23,2.0,10,81.7,CRITICAL_EMERGENCY,80.5,CRITICAL_EMERGENCY,17
SMMS-DEF-0209,S_AND_T,SMMS,SP,Saidapet,12.9,POINT_GROUND_CONNECTION_WEAR,4.1,29,2.5,10,77.5,CRITICAL_EMERGENCY,80.4,CRITICAL_EMERGENCY,18
TDMS-DEF-0135,ELECTRICAL_TRD,TDMS,PZA,Pazhavanthangal,18.08,NEUTRAL_SECTION_MAINTENANCE,15.7,26,3.5,9,81.0,CRITICAL_EMERGENCY,80.1,CRITICAL_EMERGENCY,19
SMMS-DEF-0067,S_AND_T,SMMS,STM,St. Thomas Mount,17.06,ELECTRONIC_INTERLOCKING_CARD,14.6,32,1.5,10,79.3,CRITICAL_EMERGENCY,79.9,CRITICAL_EMERGENCY,20
TDMS-DEF-0168,ELECTRICAL_TRD,TDMS,CMP,Chromepet,24.78,CONTACT_WIRE_CONDEMNING_WEAR,1.5,33,3.0,10,79.7,CRITICAL_EMERGENCY,79.5,CRITICAL_EMERGENCY,21
SMMS-DEF-0219,S_AND_T,SMMS,CGL,Chengalpattu Junction,59.7,ELECTRONIC_INTERLOCKING_CARD,5.1,43,1.5,9,79.3,CRITICAL_EMERGENCY,79.5,CRITICAL_EMERGENCY,22
SMMS-DEF-0165,S_AND_T,SMMS,SP,Saidapet,12.9,POINT_MACHINE_MOTOR_SLUGGISH,12.3,32,2.0,8,80.3,CRITICAL_EMERGENCY,79.0,CRITICAL_EMERGENCY,23
SMMS-DEF-0236,S_AND_T,SMMS,SP,Saidapet,12.9,POINT_GROUND_CONNECTION_WEAR,2.4,28,2.5,10,80.3,CRITICAL_EMERGENCY,78.2,CRITICAL_EMERGENCY,24
TMS-DEF-0227,ENGINEERING_CIVIL,TMS,MSF,Chennai Fort,1.46,TRACK_GEOMETRY_BAD_TGI,12.3,36,4.0,9,78.1,CRITICAL_EMERGENCY,78.1,CRITICAL_EMERGENCY,25
SMMS-DEF-0170,S_AND_T,SMMS,STM,St. Thomas Mount,17.54,AXLE_COUNTER_DRIFT,5.4,33,1.5,9,72.0,CRITICAL_EMERGENCY,77.8,CRITICAL_EMERGENCY,26
SMMS-DEF-0207,S_AND_T,SMMS,MKK,Kodambakkam,9.62,ELECTRONIC_INTERLOCKING_CARD,11.5,24,1.5,9,77.8,CRITICAL_EMERGENCY,77.8,CRITICAL_EMERGENCY,27
SMMS-DEF-0231,S_AND_T,SMMS,SP,Saidapet,12.9,POINT_GROUND_CONNECTION_WEAR,14.3,16,2.5,10,77.9,CRITICAL_EMERGENCY,77.7,CRITICAL_EMERGENCY,28
SMMS-DEF-0102,S_AND_T,SMMS,TBMS,Tambaram Sanatorium,27.85,POINT_GROUND_CONNECTION_WEAR,14.5,23,2.5,9,76.9,CRITICAL_EMERGENCY,77.5,CRITICAL_EMERGENCY,29
TDMS-DEF-0019,ELECTRICAL_TRD,TDMS,PV,Pallavaram,23.6,NEUTRAL_SECTION_MAINTENANCE,2.4,23,3.5,10,69.1,CRITICAL_EMERGENCY,76.0,CRITICAL_EMERGENCY,30
SMMS-DEF-0106,S_AND_T,SMMS,CMP,Chromepet,25.18,POINT_MACHINE_MOTOR_SLUGGISH,11.1,22,2.0,10,74.8,CRITICAL_EMERGENCY,75.8,CRITICAL_EMERGENCY,31
TMS-DEF-0002,ENGINEERING_CIVIL,TMS,GI,Guduvancheri,40.8,RAIL_FRACTURE_RISK,9.7,30,3.5,10,74.7,CRITICAL_EMERGENCY,75.5,CRITICAL_EMERGENCY,32
SMMS-DEF-0241,S_AND_T,SMMS,MS,Chennai Egmore,4.32,POINT_GROUND_CONNECTION_WEAR,9.5,30,2.5,9,72.9,CRITICAL_EMERGENCY,75.4,CRITICAL_EMERGENCY,33
SMMS-DEF-0113,S_AND_T,SMMS,TLM,Tirusulam,21.38,POINT_GROUND_CONNECTION_WEAR,3.6,30,2.5,10,72.4,CRITICAL_EMERGENCY,74.3,CRITICAL_EMERGENCY,34
SMMS-DEF-0146,S_AND_T,SMMS,UPM,Urapakkam,37.82,POINT_GROUND_CONNECTION_WEAR,8.7,29,2.5,9,74.1,CRITICAL_EMERGENCY,74.2,CRITICAL_EMERGENCY,35
SMMS-DEF-0014,S_AND_T,SMMS,CGL,Chengalpattu Junction,59.84,POINT_MACHINE_MOTOR_SLUGGISH,1.3,32,2.0,9,73.9,CRITICAL_EMERGENCY,74.0,CRITICAL_EMERGENCY,36
SMMS-DEF-0172,S_AND_T,SMMS,MPK,Chennai Park,2.94,ELECTRONIC_INTERLOCKING_CARD,2.0,35,1.5,9,74.1,CRITICAL_EMERGENCY,74.0,CRITICAL_EMERGENCY,37
TMS-DEF-0155,ENGINEERING_CIVIL,TMS,PZA,Pazhavanthangal,18.8,TRACK_GEOMETRY_BAD_TGI,4.5,42,4.0,8,75.9,CRITICAL_EMERGENCY,73.5,HIGH_PRIORITY,38
TDMS-DEF-0032,ELECTRICAL_TRD,TDMS,GI,Guduvancheri,40.06,SECTION_INSULATOR_PITTING,4.1,39,2.5,8,73.2,HIGH_PRIORITY,73.1,HIGH_PRIORITY,39
SMMS-DEF-0179,S_AND_T,SMMS,SP,Saidapet,12.61,POINT_GROUND_CONNECTION_WEAR,4.2,34,2.5,9,71.3,CRITICAL_EMERGENCY,72.8,CRITICAL_EMERGENCY,40
SMMS-DEF-0090,S_AND_T,SMMS,MSC,Chetpet,6.63,ELECTRONIC_INTERLOCKING_CARD,7.6,16,1.5,10,69.8,CRITICAL_EMERGENCY,72.7,CRITICAL_EMERGENCY,41
SMMS-DEF-0230,S_AND_T,SMMS,CGL,Chengalpattu Junction,59.84,POINT_GROUND_CONNECTION_WEAR,6.3,20,2.5,9,74.0,CRITICAL_EMERGENCY,72.7,CRITICAL_EMERGENCY,42
SMMS-DEF-0250,S_AND_T,SMMS,PV,Pallavaram,22.92,ELECTRONIC_INTERLOCKING_CARD,12.8,14,1.5,10,74.3,CRITICAL_EMERGENCY,72.6,CRITICAL_EMERGENCY,43
SMMS-DEF-0120,S_AND_T,SMMS,NBK,Nungambakkam,8.15,POINT_GROUND_CONNECTION_WEAR,10.5,13,2.5,10,73.3,CRITICAL_EMERGENCY,72.2,CRITICAL_EMERGENCY,44
SMMS-DEF-0214,S_AND_T,SMMS,TBMS,Tambaram Sanatorium,26.88,POINT_MACHINE_MOTOR_SLUGGISH,13.7,20,2.0,9,72.1,CRITICAL_EMERGENCY,71.5,CRITICAL_EMERGENCY,45
TMS-DEF-0274,ENGINEERING_CIVIL,TMS,GI,Guduvancheri,40.36,IMR_ULTRASONIC_FLAW,13.6,24,3.0,9,70.1,CRITICAL_EMERGENCY,71.2,CRITICAL_EMERGENCY,46
SMMS-DEF-0100,S_AND_T,SMMS,SP,Saidapet,12.9,POINT_GROUND_CONNECTION_WEAR,12.2,14,2.5,10,70.5,CRITICAL_EMERGENCY,70.8,CRITICAL_EMERGENCY,47
SMMS-DEF-0128,S_AND_T,SMMS,MN,Meenambakkam,20.13,POINT_GROUND_CONNECTION_WEAR,10.6,21,2.5,9,72.9,CRITICAL_EMERGENCY,70.5,CRITICAL_EMERGENCY,48
TMS-DEF-0070,ENGINEERING_CIVIL,TMS,POTI,Potheri,43.15,RAIL_CORRUGATION_WEAR,3.9,43,3.0,7,71.1,HIGH_PRIORITY,70.4,HIGH_PRIORITY,49
SMMS-DEF-0109,S_AND_T,SMMS,GI,Guduvancheri,40.67,POINT_MACHINE_MOTOR_SLUGGISH,9.6,23,2.0,8,70.8,HIGH_PRIORITY,69.5,HIGH_PRIORITY,50
TDMS-DEF-0103,ELECTRICAL_TRD,TDMS,POTI,Potheri,43.31,CONTACT_WIRE_CONDEMNING_WEAR,14.6,8,3.0,10,70.5,CRITICAL_EMERGENCY,69.1,CRITICAL_EMERGENCY,51
TDMS-DEF-0060,ELECTRICAL_TRD,TDMS,MMNK,Maraimalai Nagar,47.3,NEUTRAL_SECTION_MAINTENANCE,4.2,11,3.5,10,69.9,CRITICAL_EMERGENCY,68.7,CRITICAL_EMERGENCY,52
TMS-DEF-0089,ENGINEERING_CIVIL,TMS,MN,Meenambakkam,20.75,RAIL_FRACTURE_RISK,9.7,21,3.5,9,68.8,CRITICAL_EMERGENCY,68.5,CRITICAL_EMERGENCY,53
SMMS-DEF-0223,S_AND_T,SMMS,TBM,Tambaram,29.4,SIGNAL_ASPECT_LED_DEGRADATION,13.5,35,1.0,6,69.1,HIGH_PRIORITY,68.5,HIGH_PRIORITY,54
SMMS-DEF-0112,S_AND_T,SMMS,SP,Saidapet,12.48,SIGNAL_ASPECT_LED_DEGRADATION,6.2,29,1.0,8,66.1,HIGH_PRIORITY,68.3,HIGH_PRIORITY,55
SMMS-DEF-0068,S_AND_T,SMMS,POTI,Potheri,43.64,CABLE_INSULATION_DROP,14.5,23,3.0,7,69.7,HIGH_PRIORITY,68.0,HIGH_PRIORITY,56
TDMS-DEF-0028,ELECTRICAL_TRD,TDMS,TBMS,Tambaram Sanatorium,27.42,CATENARY_DROPPER_FATIGUE,13.8,26,2.0,8,68.3,HIGH_PRIORITY,67.9,HIGH_PRIORITY,57
TMS-DEF-0071,ENGINEERING_CIVIL,TMS,PV,Pallavaram,22.43,RAIL_FRACTURE_RISK,7.6,14,3.5,10,67.6,CRITICAL_EMERGENCY,67.5,CRITICAL_EMERGENCY,58
SMMS-DEF-0197,S_AND_T,SMMS,MSC,Chetpet,6.1,POINT_GROUND_CONNECTION_WEAR,6.8,8,2.5,10,70.1,CRITICAL_EMERGENCY,67.5,CRITICAL_EMERGENCY,59
SMMS-DEF-0174,S_AND_T,SMMS,VDR,Vandalur,34.73,AXLE_COUNTER_DRIFT,9.0,22,1.5,9,64.6,CRITICAL_EMERGENCY,67.1,CRITICAL_EMERGENCY,60
SMMS-DEF-0099,S_AND_T,SMMS,STM,St. Thomas Mount,17.12,POINT_GROUND_CONNECTION_WEAR,9.3,13,2.5,10,66.4,CRITICAL_EMERGENCY,67.0,CRITICAL_EMERGENCY,61
SMMS-DEF-0032,S_AND_T,SMMS,MS,Chennai Egmore,4.32,POINT_MACHINE_MOTOR_SLUGGISH,11.5,14,2.0,9,67.6,CRITICAL_EMERGENCY,66.8,CRITICAL_EMERGENCY,62
TMS-DEF-0241,ENGINEERING_CIVIL,TMS,STM,St. Thomas Mount,17.88,TURNOUT_STOCK_RAIL_WEAR,6.2,28,3.5,8,66.7,HIGH_PRIORITY,66.8,HIGH_PRIORITY,63
SMMS-DEF-0195,S_AND_T,SMMS,CMP,Chromepet,25.15,ELECTRONIC_INTERLOCKING_CARD,7.8,6,1.5,10,67.4,CRITICAL_EMERGENCY,66.7,CRITICAL_EMERGENCY,64
SMMS-DEF-0184,S_AND_T,SMMS,MS,Chennai Egmore,4.32,POINT_MACHINE_MOTOR_SLUGGISH,14.8,9,2.0,9,67.5,CRITICAL_EMERGENCY,66.7,CRITICAL_EMERGENCY,65
TDMS-DEF-0102,ELECTRICAL_TRD,TDMS,MS,Chennai Egmore,3.92,NEUTRAL_SECTION_MAINTENANCE,14.5,7,3.5,10,66.2,CRITICAL_EMERGENCY,66.6,CRITICAL_EMERGENCY,66
TDMS-DEF-0210,ELECTRICAL_TRD,TDMS,VDR,Vandalur,34.76,CONTACT_WIRE_CONDEMNING_WEAR,7.1,15,3.0,10,73.8,CRITICAL_EMERGENCY,66.5,CRITICAL_EMERGENCY,67
TMS-DEF-0151,ENGINEERING_CIVIL,TMS,VDR,Vandalur,34.83,WELD_COLLAR_FATIGUE,9.9,23,2.5,8,62.0,HIGH_PRIORITY,66.5,HIGH_PRIORITY,68
TDMS-DEF-0046,ELECTRICAL_TRD,TDMS,MN,Meenambakkam,19.7,CONTACT_WIRE_CONDEMNING_WEAR,16.4,6,3.0,10,69.8,CRITICAL_EMERGENCY,66.4,CRITICAL_EMERGENCY,69
TDMS-DEF-0182,ELECTRICAL_TRD,TDMS,PZA,Pazhavanthangal,19.16,SECTION_INSULATOR_PITTING,9.8,16,2.5,9,67.7,CRITICAL_EMERGENCY,66.4,CRITICAL_EMERGENCY,70
TMS-DEF-0119,ENGINEERING_CIVIL,TMS,VDR,Vandalur,34.04,WELD_COLLAR_FATIGUE,15.4,22,2.5,8,67.4,HIGH_PRIORITY,66.2,HIGH_PRIORITY,71
TMS-DEF-0116,ENGINEERING_CIVIL,TMS,SP,Saidapet,13.42,IMR_ULTRASONIC_FLAW,3.1,20,3.0,10,66.2,CRITICAL_EMERGENCY,66.1,CRITICAL_EMERGENCY,72
SMMS-DEF-0224,S_AND_T,SMMS,MMNK,Maraimalai Nagar,47.33,ELECTRONIC_INTERLOCKING_CARD,5.9,18,1.5,9,66.4,CRITICAL_EMERGENCY,66.0,CRITICAL_EMERGENCY,73
TDMS-DEF-0001,ELECTRICAL_TRD,TDMS,CGL,Chengalpattu Junction,59.37,CONTACT_WIRE_CONDEMNING_WEAR,17.7,7,3.0,9,66.4,CRITICAL_EMERGENCY,65.8,CRITICAL_EMERGENCY,74
TMS-DEF-0034,ENGINEERING_CIVIL,TMS,MPK,Chennai Park,3.75,TRACK_GEOMETRY_BAD_TGI,6.8,29,4.0,8,65.6,HIGH_PRIORITY,65.7,HIGH_PRIORITY,75
TDMS-DEF-0146,ELECTRICAL_TRD,TDMS,MSB,Chennai Beach,0.1,NEUTRAL_SECTION_MAINTENANCE,15.6,9,3.5,10,65.5,CRITICAL_EMERGENCY,65.6,CRITICAL_EMERGENCY,76
TDMS-DEF-0004,ELECTRICAL_TRD,TDMS,PV,Pallavaram,22.51,NEUTRAL_SECTION_MAINTENANCE,0.7,8,3.5,10,65.7,CRITICAL_EMERGENCY,65.5,CRITICAL_EMERGENCY,77
SMMS-DEF-0079,S_AND_T,SMMS,GDY,Guindy,15.01,POINT_MACHINE_MOTOR_SLUGGISH,5.5,16,2.0,9,67.7,CRITICAL_EMERGENCY,65.5,CRITICAL_EMERGENCY,78
SMMS-DEF-0086,S_AND_T,SMMS,MMNK,Maraimalai Nagar,46.96,POINT_MACHINE_MOTOR_SLUGGISH,10.2,16,2.0,9,65.1,CRITICAL_EMERGENCY,65.5,CRITICAL_EMERGENCY,79
TDMS-DEF-0045,ELECTRICAL_TRD,TDMS,VDR,Vandalur,35.03,CONTACT_WIRE_CONDEMNING_WEAR,12.4,22,3.0,8,60.8,HIGH_PRIORITY,65.5,HIGH_PRIORITY,80
TMS-DEF-0113,ENGINEERING_CIVIL,TMS,MBM,Mambalam,10.77,TRACK_GEOMETRY_BAD_TGI,0.5,26,4.0,9,65.1,CRITICAL_EMERGENCY,65.4,CRITICAL_EMERGENCY,81
TMS-DEF-0138,ENGINEERING_CIVIL,TMS,PV,Pallavaram,22.51,IMR_ULTRASONIC_FLAW,11.7,12,3.0,10,65.6,CRITICAL_EMERGENCY,65.3,CRITICAL_EMERGENCY,82
TMS-DEF-0012,ENGINEERING_CIVIL,TMS,MBM,Mambalam,11.8,RAIL_CORRUGATION_WEAR,4.6,35,3.0,7,61.8,HIGH_PRIORITY,65.3,HIGH_PRIORITY,83
TMS-DEF-0250,ENGINEERING_CIVIL,TMS,UPM,Urapakkam,37.15,IMR_ULTRASONIC_FLAW,11.9,19,3.0,9,66.2,CRITICAL_EMERGENCY,65.1,CRITICAL_EMERGENCY,84
TDMS-DEF-0066,ELECTRICAL_TRD,TDMS,TLM,Tirusulam,20.76,CANTILEVER_BRACKET_MISALIGN,14.2,25,2.0,7,65.4,HIGH_PRIORITY,65.1,HIGH_PRIORITY,85
TMS-DEF-0140,ENGINEERING_CIVIL,TMS,STM,St. Thomas Mount,17.68,SLEEPER_CRACK_FATIGUE,10.2,35,2.5,6,64.2,HIGH_PRIORITY,64.8,HIGH_PRIORITY,86
SMMS-DEF-0237,S_AND_T,SMMS,MS,Chennai Egmore,4.19,POINT_MACHINE_MOTOR_SLUGGISH,13.2,18,2.0,9,64.3,CRITICAL_EMERGENCY,64.7,CRITICAL_EMERGENCY,87
TDMS-DEF-0196,ELECTRICAL_TRD,TDMS,MPK,Chennai Park,3.46,NEUTRAL_SECTION_MAINTENANCE,15.9,22,3.5,8,64.2,HIGH_PRIORITY,64.7,HIGH_PRIORITY,88
SMMS-DEF-0053,S_AND_T,SMMS,SKL,Singaperumal Koil,51.8,ELECTRONIC_INTERLOCKING_CARD,4.8,10,1.5,10,64.3,CRITICAL_EMERGENCY,64.5,CRITICAL_EMERGENCY,89
SMMS-DEF-0180,S_AND_T,SMMS,MMNK,Maraimalai Nagar,46.96,POINT_GROUND_CONNECTION_WEAR,14.6,7,2.5,9,65.7,CRITICAL_EMERGENCY,64.5,CRITICAL_EMERGENCY,90
TMS-DEF-0035,ENGINEERING_CIVIL,TMS,NBK,Nungambakkam,7.96,BALLAST_DEFICIENCY,14.9,33,4.5,6,64.5,HIGH_PRIORITY,64.3,HIGH_PRIORITY,91
TDMS-DEF-0181,ELECTRICAL_TRD,TDMS,MPK,Chennai Park,3.03,NEUTRAL_SECTION_MAINTENANCE,10.3,1,3.5,10,65.9,CRITICAL_EMERGENCY,64.1,CRITICAL_EMERGENCY,92
SMMS-DEF-0119,S_AND_T,SMMS,MN,Meenambakkam,19.89,ELECTRONIC_INTERLOCKING_CARD,12.0,11,1.5,10,63.1,CRITICAL_EMERGENCY,63.9,CRITICAL_EMERGENCY,93
SMMS-DEF-0194,S_AND_T,SMMS,MN,Meenambakkam,20.36,ELECTRONIC_INTERLOCKING_CARD,10.5,2,1.5,10,65.8,CRITICAL_EMERGENCY,63.9,CRITICAL_EMERGENCY,94
SMMS-DEF-0181,S_AND_T,SMMS,PZA,Pazhavanthangal,18.8,POINT_GROUND_CONNECTION_WEAR,11.9,9,2.5,10,66.5,CRITICAL_EMERGENCY,63.6,CRITICAL_EMERGENCY,95
TMS-DEF-0170,ENGINEERING_CIVIL,TMS,GI,Guduvancheri,41.0,IMR_ULTRASONIC_FLAW,6.1,8,3.0,10,62.6,CRITICAL_EMERGENCY,63.5,CRITICAL_EMERGENCY,96
SMMS-DEF-0136,S_AND_T,SMMS,MSC,Chetpet,6.24,POINT_MACHINE_MOTOR_SLUGGISH,12.1,12,2.0,9,66.1,CRITICAL_EMERGENCY,63.3,CRITICAL_EMERGENCY,97
TDMS-DEF-0096,ELECTRICAL_TRD,TDMS,MPK,Chennai Park,2.77,SECTION_INSULATOR_PITTING,3.8,22,2.5,8,64.0,HIGH_PRIORITY,63.2,HIGH_PRIORITY,98
TDMS-DEF-0043,ELECTRICAL_TRD,TDMS,MKK,Kodambakkam,9.91,NEUTRAL_SECTION_MAINTENANCE,5.6,2,3.5,10,64.9,CRITICAL_EMERGENCY,63.1,CRITICAL_EMERGENCY,99
SMMS-DEF-0037,S_AND_T,SMMS,MMNK,Maraimalai Nagar,46.96,POINT_GROUND_CONNECTION_WEAR,5.1,19,2.5,9,61.1,CRITICAL_EMERGENCY,63.0,CRITICAL_EMERGENCY,100
TMS-DEF-0026,ENGINEERING_CIVIL,TMS,PV,Pallavaram,22.54,RAIL_FRACTURE_RISK,5.7,15,3.5,9,61.0,CRITICAL_EMERGENCY,62.6,CRITICAL_EMERGENCY,101
SMMS-DEF-0026,S_AND_T,SMMS,NBK,Nungambakkam,8.15,POINT_MACHINE_MOTOR_SLUGGISH,8.6,13,2.0,9,63.6,CRITICAL_EMERGENCY,62.5,CRITICAL_EMERGENCY,102
SMMS-DEF-0073,S_AND_T,SMMS,MMNK,Maraimalai Nagar,46.96,POINT_GROUND_CONNECTION_WEAR,8.2,0,2.5,10,63.1,CRITICAL_EMERGENCY,62.4,CRITICAL_EMERGENCY,103
TMS-DEF-0287,ENGINEERING_CIVIL,TMS,MKK,Kodambakkam,9.54,IMR_ULTRASONIC_FLAW,11.4,6,3.0,10,62.0,CRITICAL_EMERGENCY,62.1,CRITICAL_EMERGENCY,104
SMMS-DEF-0085,S_AND_T,SMMS,MS,Chennai Egmore,4.32,POINT_GROUND_CONNECTION_WEAR,12.1,13,2.5,9,64.2,CRITICAL_EMERGENCY,62.1,CRITICAL_EMERGENCY,105
SMMS-DEF-0107,S_AND_T,SMMS,MPK,Chennai Park,3.37,ELECTRONIC_INTERLOCKING_CARD,14.5,4,1.5,9,62.3,CRITICAL_EMERGENCY,61.9,CRITICAL_EMERGENCY,106
TMS-DEF-0147,ENGINEERING_CIVIL,TMS,GDY,Guindy,15.29,RAIL_FRACTURE_RISK,7.3,9,3.5,10,60.9,CRITICAL_EMERGENCY,61.8,CRITICAL_EMERGENCY,107
SMMS-DEF-0204,S_AND_T,SMMS,MMNK,Maraimalai Nagar,46.96,POINT_GROUND_CONNECTION_WEAR,13.5,16,2.5,9,59.3,CRITICAL_EMERGENCY,61.7,CRITICAL_EMERGENCY,108
SMMS-DEF-0045,S_AND_T,SMMS,NBK,Nungambakkam,8.15,POINT_GROUND_CONNECTION_WEAR,4.7,5,2.5,10,59.3,CRITICAL_EMERGENCY,61.5,CRITICAL_EMERGENCY,109
SMMS-DEF-0178,S_AND_T,SMMS,MS,Chennai Egmore,4.32,POINT_GROUND_CONNECTION_WEAR,10.2,8,2.5,9,62.3,CRITICAL_EMERGENCY,61.5,CRITICAL_EMERGENCY,110
TDMS-DEF-0158,ELECTRICAL_TRD,TDMS,MSB,Chennai Beach,0.1,CONTACT_WIRE_CONDEMNING_WEAR,9.1,16,3.0,9,60.7,CRITICAL_EMERGENCY,61.4,CRITICAL_EMERGENCY,111
TDMS-DEF-0107,ELECTRICAL_TRD,TDMS,CGL,Chengalpattu Junction,59.7,CONTACT_WIRE_CONDEMNING_WEAR,14.2,3,3.0,10,61.5,CRITICAL_EMERGENCY,61.3,CRITICAL_EMERGENCY,112
SMMS-DEF-0171,S_AND_T,SMMS,GDY,Guindy,15.01,POINT_GROUND_CONNECTION_WEAR,13.8,0,2.5,10,63.1,CRITICAL_EMERGENCY,61.2,CRITICAL_EMERGENCY,113
TMS-DEF-0261,ENGINEERING_CIVIL,TMS,PZA,Pazhavanthangal,19.47,RAIL_FRACTURE_RISK,4.4,9,3.5,10,61.4,CRITICAL_EMERGENCY,61.1,CRITICAL_EMERGENCY,114
SMMS-DEF-0011,S_AND_T,SMMS,TBMS,Tambaram Sanatorium,27.56,POINT_GROUND_CONNECTION_WEAR,2.1,5,2.5,10,63.2,CRITICAL_EMERGENCY,61.1,CRITICAL_EMERGENCY,115
TMS-DEF-0299,ENGINEERING_CIVIL,TMS,TLM,Tirusulam,21.83,IMR_ULTRASONIC_FLAW,16.0,9,3.0,9,60.6,CRITICAL_EMERGENCY,61.0,CRITICAL_EMERGENCY,116
TDMS-DEF-0100,ELECTRICAL_TRD,TDMS,CMP,Chromepet,24.9,SECTION_INSULATOR_PITTING,17.8,6,2.5,9,61.2,CRITICAL_EMERGENCY,61.0,CRITICAL_EMERGENCY,117
TDMS-DEF-0129,ELECTRICAL_TRD,TDMS,PRGL,Perungalathur,32.12,CANTILEVER_BRACKET_MISALIGN,14.7,34,2.0,5,62.0,HIGH_PRIORITY,60.8,HIGH_PRIORITY,118
TDMS-DEF-0187,ELECTRICAL_TRD,TDMS,PZA,Pazhavanthangal,19.31,NEUTRAL_SECTION_MAINTENANCE,7.7,4,3.5,10,61.7,CRITICAL_EMERGENCY,60.7,CRITICAL_EMERGENCY,119
TDMS-DEF-0157,ELECTRICAL_TRD,TDMS,TBM,Tambaram,28.47,SECTION_INSULATOR_PITTING,5.2,3,2.5,10,61.4,CRITICAL_EMERGENCY,60.6,CRITICAL_EMERGENCY,120
SMMS-DEF-0221,S_AND_T,SMMS,MKK,Kodambakkam,9.52,AXLE_COUNTER_DRIFT,8.3,9,1.5,9,63.2,CRITICAL_EMERGENCY,60.6,CRITICAL_EMERGENCY,121
TDMS-DEF-0048,ELECTRICAL_TRD,TDMS,STM,St. Thomas Mount,17.14,INSULATOR_FLASHOVER_RISK,17.5,1,2.5,9,60.9,CRITICAL_EMERGENCY,60.6,CRITICAL_EMERGENCY,122
TDMS-DEF-0110,ELECTRICAL_TRD,TDMS,TBMS,Tambaram Sanatorium,26.68,CATENARY_DROPPER_FATIGUE,10.1,8,2.0,9,62.1,CRITICAL_EMERGENCY,60.5,CRITICAL_EMERGENCY,123
TMS-DEF-0252,ENGINEERING_CIVIL,TMS,CMP,Chromepet,24.87,RAIL_FRACTURE_RISK,7.5,4,3.5,10,61.3,CRITICAL_EMERGENCY,60.4,CRITICAL_EMERGENCY,124
SMMS-DEF-0164,S_AND_T,SMMS,MMNK,Maraimalai Nagar,46.96,POINT_GROUND_CONNECTION_WEAR,11.6,8,2.5,8,62.0,HIGH_PRIORITY,60.3,HIGH_PRIORITY,125
TDMS-DEF-0078,ELECTRICAL_TRD,TDMS,POTI,Potheri,44.6,SECTION_INSULATOR_PITTING,15.1,13,2.5,9,59.6,CRITICAL_EMERGENCY,60.1,CRITICAL_EMERGENCY,126
TMS-DEF-0063,ENGINEERING_CIVIL,TMS,MN,Meenambakkam,20.36,WELD_COLLAR_FATIGUE,7.0,17,2.5,8,60.4,HIGH_PRIORITY,60.1,HIGH_PRIORITY,127
TMS-DEF-0109,ENGINEERING_CIVIL,TMS,MSC,Chetpet,6.0,RAIL_FRACTURE_RISK,15.9,2,3.5,10,58.8,CRITICAL_EMERGENCY,59.5,CRITICAL_EMERGENCY,128
SMMS-DEF-0028,S_AND_T,SMMS,STM,St. Thomas Mount,17.32,ELECTRONIC_INTERLOCKING_CARD,4.8,9,1.5,10,57.7,CRITICAL_EMERGENCY,59.5,CRITICAL_EMERGENCY,129
SMMS-DEF-0002,S_AND_T,SMMS,MS,Chennai Egmore,4.32,POINT_MACHINE_MOTOR_SLUGGISH,11.1,7,2.0,9,60.7,CRITICAL_EMERGENCY,59.5,CRITICAL_EMERGENCY,130
SMMS-DEF-0008,S_AND_T,SMMS,NBK,Nungambakkam,8.15,POINT_GROUND_CONNECTION_WEAR,9.8,3,2.5,9,61.4,CRITICAL_EMERGENCY,59.3,CRITICAL_EMERGENCY,131
SMMS-DEF-0205,S_AND_T,SMMS,MMNK,Maraimalai Nagar,46.96,POINT_GROUND_CONNECTION_WEAR,10.4,11,2.5,8,63.5,HIGH_PRIORITY,59.3,HIGH_PRIORITY,132
SMMS-DEF-0206,S_AND_T,SMMS,MMNK,Maraimalai Nagar,46.96,POINT_GROUND_CONNECTION_WEAR,5.2,1,2.5,10,59.7,CRITICAL_EMERGENCY,59.1,CRITICAL_EMERGENCY,133
SMMS-DEF-0022,S_AND_T,SMMS,MS,Chennai Egmore,4.32,POINT_MACHINE_MOTOR_SLUGGISH,1.0,12,2.0,9,59.9,CRITICAL_EMERGENCY,59.1,CRITICAL_EMERGENCY,134
TMS-DEF-0004,ENGINEERING_CIVIL,TMS,TLM,Tirusulam,20.77,IMR_ULTRASONIC_FLAW,12.3,9,3.0,9,57.1,CRITICAL_EMERGENCY,59.0,CRITICAL_EMERGENCY,135
TMS-DEF-0048,ENGINEERING_CIVIL,TMS,MPK,Chennai Park,3.28,IMR_ULTRASONIC_FLAW,0.6,7,3.0,10,59.0,CRITICAL_EMERGENCY,58.8,CRITICAL_EMERGENCY,136
TMS-DEF-0159,ENGINEERING_CIVIL,TMS,MN,Meenambakkam,20.56,RAIL_FRACTURE_RISK,11.0,2,3.5,10,58.7,CRITICAL_EMERGENCY,58.8,CRITICAL_EMERGENCY,137
TDMS-DEF-0180,ELECTRICAL_TRD,TDMS,MSF,Chennai Fort,1.61,CONTACT_WIRE_CONDEMNING_WEAR,16.8,1,3.0,9,51.0,CRITICAL_EMERGENCY,58.7,CRITICAL_EMERGENCY,138
SMMS-DEF-0203,S_AND_T,SMMS,VDR,Vandalur,34.55,ELECTRONIC_INTERLOCKING_CARD,6.2,3,1.5,10,64.0,CRITICAL_EMERGENCY,58.6,CRITICAL_EMERGENCY,139
SMMS-DEF-0175,S_AND_T,SMMS,GDY,Guindy,14.64,POINT_MACHINE_MOTOR_SLUGGISH,14.3,7,2.0,9,58.0,CRITICAL_EMERGENCY,58.6,CRITICAL_EMERGENCY,140
SMMS-DEF-0169,S_AND_T,SMMS,NBK,Nungambakkam,8.14,POINT_GROUND_CONNECTION_WEAR,3.9,2,2.5,10,52.2,CRITICAL_EMERGENCY,58.5,CRITICAL_EMERGENCY,141
TMS-DEF-0177,ENGINEERING_CIVIL,TMS,PV,Pallavaram,23.16,RAIL_FRACTURE_RISK,12.8,11,3.5,9,58.5,CRITICAL_EMERGENCY,58.3,CRITICAL_EMERGENCY,142
SMMS-DEF-0097,S_AND_T,SMMS,TLM,Tirusulam,20.82,AXLE_COUNTER_DRIFT,13.2,19,1.5,8,56.7,HIGH_PRIORITY,58.3,HIGH_PRIORITY,143
TDMS-DEF-0217,ELECTRICAL_TRD,TDMS,PZA,Pazhavanthangal,18.55,CANTILEVER_BRACKET_MISALIGN,17.9,14,2.0,6,58.7,HIGH_PRIORITY,58.3,HIGH_PRIORITY,144
SMMS-DEF-0240,S_AND_T,SMMS,GDY,Guindy,14.93,POINT_GROUND_CONNECTION_WEAR,8.0,1,2.5,10,59.2,CRITICAL_EMERGENCY,58.1,CRITICAL_EMERGENCY,145
SMMS-DEF-0047,S_AND_T,SMMS,NBK,Nungambakkam,8.15,POINT_GROUND_CONNECTION_WEAR,4.4,10,2.5,9,56.6,CRITICAL_EMERGENCY,58.1,CRITICAL_EMERGENCY,146
SMMS-DEF-0082,S_AND_T,SMMS,GDY,Guindy,15.01,POINT_GROUND_CONNECTION_WEAR,5.3,11,2.5,9,58.2,CRITICAL_EMERGENCY,58.1,CRITICAL_EMERGENCY,147
SMMS-DEF-0015,S_AND_T,SMMS,MN,Meenambakkam,19.79,POINT_MACHINE_MOTOR_SLUGGISH,8.9,18,2.0,8,54.4,MEDIUM_PLANNED,58.0,HIGH_PRIORITY,148
SMMS-DEF-0024,S_AND_T,SMMS,NBK,Nungambakkam,8.15,POINT_MACHINE_MOTOR_SLUGGISH,13.8,3,2.0,9,57.5,CRITICAL_EMERGENCY,57.9,CRITICAL_EMERGENCY,149
SMMS-DEF-0083,S_AND_T,SMMS,CGL,Chengalpattu Junction,59.84,POINT_GROUND_CONNECTION_WEAR,3.2,9,2.5,9,59.3,CRITICAL_EMERGENCY,57.8,CRITICAL_EMERGENCY,150
SMMS-DEF-0166,S_AND_T,SMMS,MBM,Mambalam,11.37,ELECTRONIC_INTERLOCKING_CARD,14.1,4,1.5,8,59.7,HIGH_PRIORITY,57.7,HIGH_PRIORITY,151
SMMS-DEF-0058,S_AND_T,SMMS,NBK,Nungambakkam,8.15,POINT_GROUND_CONNECTION_WEAR,10.8,8,2.5,8,47.7,MEDIUM_PLANNED,57.6,HIGH_PRIORITY,152
TMS-DEF-0182,ENGINEERING_CIVIL,TMS,SKL,Singaperumal Koil,51.36,IMR_ULTRASONIC_FLAW,15.5,1,3.0,9,56.1,CRITICAL_EMERGENCY,57.2,CRITICAL_EMERGENCY,153
SMMS-DEF-0017,S_AND_T,SMMS,MMNK,Maraimalai Nagar,47.11,ELECTRONIC_INTERLOCKING_CARD,14.9,5,1.5,9,56.5,CRITICAL_EMERGENCY,57.2,CRITICAL_EMERGENCY,154
SMMS-DEF-0081,S_AND_T,SMMS,STM,St. Thomas Mount,17.12,POINT_GROUND_CONNECTION_WEAR,10.3,1,2.5,10,53.2,CRITICAL_EMERGENCY,57.1,CRITICAL_EMERGENCY,155
SMMS-DEF-0114,S_AND_T,SMMS,MMNK,Maraimalai Nagar,46.96,POINT_MACHINE_MOTOR_SLUGGISH,10.6,8,2.0,8,58.9,HIGH_PRIORITY,57.1,HIGH_PRIORITY,156
SMMS-DEF-0161,S_AND_T,SMMS,SP,Saidapet,12.9,POINT_GROUND_CONNECTION_WEAR,12.1,1,2.5,10,55.2,CRITICAL_EMERGENCY,56.8,CRITICAL_EMERGENCY,157
SMMS-DEF-0062,S_AND_T,SMMS,MSB,Chennai Beach,0.1,ELECTRONIC_INTERLOCKING_CARD,11.0,10,1.5,8,56.7,HIGH_PRIORITY,56.8,HIGH_PRIORITY,158
SMMS-DEF-0148,S_AND_T,SMMS,MMNK,Maraimalai Nagar,46.96,POINT_MACHINE_MOTOR_SLUGGISH,1.6,13,2.0,9,54.9,CRITICAL_EMERGENCY,56.7,CRITICAL_EMERGENCY,159
SMMS-DEF-0115,S_AND_T,SMMS,CMP,Chromepet,24.92,ELECTRONIC_INTERLOCKING_CARD,11.1,9,1.5,9,54.0,CRITICAL_EMERGENCY,56.5,CRITICAL_EMERGENCY,160
SMMS-DEF-0152,S_AND_T,SMMS,SP,Saidapet,12.9,POINT_GROUND_CONNECTION_WEAR,6.2,8,2.5,9,50.4,CRITICAL_EMERGENCY,56.5,CRITICAL_EMERGENCY,161
SMMS-DEF-0248,S_AND_T,SMMS,GDY,Guindy,15.01,POINT_GROUND_CONNECTION_WEAR,3.0,11,2.5,9,56.2,CRITICAL_EMERGENCY,56.5,CRITICAL_EMERGENCY,162
TDMS-DEF-0035,ELECTRICAL_TRD,TDMS,STM,St. Thomas Mount,17.77,CONTACT_WIRE_CONDEMNING_WEAR,13.5,10,3.0,9,55.9,CRITICAL_EMERGENCY,56.5,CRITICAL_EMERGENCY,163
TMS-DEF-0008,ENGINEERING_CIVIL,TMS,MBM,Mambalam,11.73,WELD_COLLAR_FATIGUE,13.9,20,2.5,7,57.1,HIGH_PRIORITY,56.5,HIGH_PRIORITY,164
SMMS-DEF-0154,S_AND_T,SMMS,MS,Chennai Egmore,4.28,SIGNAL_ASPECT_LED_DEGRADATION,0.7,23,1.0,6,57.1,HIGH_PRIORITY,56.5,HIGH_PRIORITY,165
TDMS-DEF-0087,ELECTRICAL_TRD,TDMS,UPM,Urapakkam,36.83,SECTION_INSULATOR_PITTING,17.1,7,2.5,9,55.4,CRITICAL_EMERGENCY,56.4,CRITICAL_EMERGENCY,166
TMS-DEF-0121,ENGINEERING_CIVIL,TMS,TBMS,Tambaram Sanatorium,27.6,TRACK_GEOMETRY_BAD_TGI,16.0,16,4.0,7,55.8,HIGH_PRIORITY,56.4,HIGH_PRIORITY,167
TMS-DEF-0247,ENGINEERING_CIVIL,TMS,MSC,Chetpet,7.12,IMR_ULTRASONIC_FLAW,2.5,5,3.0,10,55.0,CRITICAL_EMERGENCY,56.2,CRITICAL_EMERGENCY,168
SMMS-DEF-0055,S_AND_T,SMMS,PZA,Pazhavanthangal,18.3,ELECTRONIC_INTERLOCKING_CARD,12.7,0,1.5,10,56.0,CRITICAL_EMERGENCY,56.2,CRITICAL_EMERGENCY,169
TDMS-DEF-0015,ELECTRICAL_TRD,TDMS,VDR,Vandalur,34.4,NEUTRAL_SECTION_MAINTENANCE,13.0,4,3.5,10,55.0,CRITICAL_EMERGENCY,56.2,CRITICAL_EMERGENCY,170
SMMS-DEF-0048,S_AND_T,SMMS,PV,Pallavaram,23.22,AXLE_COUNTER_DRIFT,10.4,0,1.5,9,57.8,CRITICAL_EMERGENCY,56.2,CRITICAL_EMERGENCY,171
SMMS-DEF-0157,S_AND_T,SMMS,STM,St. Thomas Mount,17.12,POINT_MACHINE_MOTOR_SLUGGISH,14.2,0,2.0,9,47.2,CRITICAL_EMERGENCY,56.2,CRITICAL_EMERGENCY,172
SMMS-DEF-0211,S_AND_T,SMMS,STM,St. Thomas Mount,17.12,POINT_MACHINE_MOTOR_SLUGGISH,7.0,9,2.0,8,60.4,HIGH_PRIORITY,56.1,HIGH_PRIORITY,173
TMS-DEF-0294,ENGINEERING_CIVIL,TMS,TBM,Tambaram,29.45,RAIL_FRACTURE_RISK,10.0,4,3.5,9,55.4,CRITICAL_EMERGENCY,56.0,CRITICAL_EMERGENCY,174
SMMS-DEF-0249,S_AND_T,SMMS,SP,Saidapet,13.28,POINT_GROUND_CONNECTION_WEAR,12.3,7,2.5,9,54.1,CRITICAL_EMERGENCY,56.0,CRITICAL_EMERGENCY,175
TMS-DEF-0171,ENGINEERING_CIVIL,TMS,MSB,Chennai Beach,0.1,TRACK_GEOMETRY_BAD_TGI,12.0,11,4.0,8,55.9,HIGH_PRIORITY,56.0,HIGH_PRIORITY,176
TMS-DEF-0277,ENGINEERING_CIVIL,TMS,VDR,Vandalur,34.73,TRACK_GEOMETRY_BAD_TGI,15.6,16,4.0,7,55.3,HIGH_PRIORITY,56.0,HIGH_PRIORITY,177
TMS-DEF-0230,ENGINEERING_CIVIL,TMS,UPM,Urapakkam,37.97,RAIL_FRACTURE_RISK,2.2,9,3.5,9,57.2,CRITICAL_EMERGENCY,55.9,CRITICAL_EMERGENCY,178
SMMS-DEF-0133,S_AND_T,SMMS,MS,Chennai Egmore,4.32,POINT_MACHINE_MOTOR_SLUGGISH,7.9,9,2.0,9,52.0,CRITICAL_EMERGENCY,55.9,CRITICAL_EMERGENCY,179
TMS-DEF-0180,ENGINEERING_CIVIL,TMS,CMP,Chromepet,24.66,RAIL_FRACTURE_RISK,7.2,1,3.5,10,58.0,CRITICAL_EMERGENCY,55.8,CRITICAL_EMERGENCY,180
SMMS-DEF-0143,S_AND_T,SMMS,CGL,Chengalpattu Junction,59.84,POINT_GROUND_CONNECTION_WEAR,11.0,4,2.5,10,54.9,CRITICAL_EMERGENCY,55.8,CRITICAL_EMERGENCY,181
TMS-DEF-0021,ENGINEERING_CIVIL,TMS,TBM,Tambaram,29.87,IMR_ULTRASONIC_FLAW,9.8,9,3.0,8,53.1,MEDIUM_PLANNED,55.7,HIGH_PRIORITY,182
TMS-DEF-0009,ENGINEERING_CIVIL,TMS,PZA,Pazhavanthangal,18.21,WELD_COLLAR_FATIGUE,10.9,9,2.5,8,55.1,HIGH_PRIORITY,55.6,HIGH_PRIORITY,183
TMS-DEF-0221,ENGINEERING_CIVIL,TMS,MKK,Kodambakkam,9.47,TURNOUT_STOCK_RAIL_WEAR,12.4,10,3.5,8,57.1,HIGH_PRIORITY,55.5,HIGH_PRIORITY,184
SMMS-DEF-0182,S_AND_T,SMMS,MMNK,Maraimalai Nagar,46.96,POINT_MACHINE_MOTOR_SLUGGISH,12.8,11,2.0,8,54.2,MEDIUM_PLANNED,55.5,MEDIUM_PLANNED,185
TDMS-DEF-0057,ELECTRICAL_TRD,TDMS,MN,Meenambakkam,20.46,INSULATOR_FLASHOVER_RISK,5.7,2,2.5,9,58.9,CRITICAL_EMERGENCY,55.3,CRITICAL_EMERGENCY,186
TDMS-DEF-0017,ELECTRICAL_TRD,TDMS,MSF,Chennai Fort,2.36,INSULATOR_FLASHOVER_RISK,14.9,4,2.5,8,56.4,HIGH_PRIORITY,55.2,HIGH_PRIORITY,187
SMMS-DEF-0052,S_AND_T,SMMS,TBM,Tambaram,29.2,POINT_MACHINE_MOTOR_SLUGGISH,14.0,19,2.0,7,56.3,HIGH_PRIORITY,55.2,HIGH_PRIORITY,188
SMMS-DEF-0125,S_AND_T,SMMS,TBM,Tambaram,29.14,POINT_GROUND_CONNECTION_WEAR,6.3,0,2.5,10,52.6,CRITICAL_EMERGENCY,55.1,CRITICAL_EMERGENCY,189
TMS-DEF-0217,ENGINEERING_CIVIL,TMS,MSC,Chetpet,6.01,RAIL_FRACTURE_RISK,8.4,3,3.5,9,53.6,CRITICAL_EMERGENCY,55.1,CRITICAL_EMERGENCY,190
TMS-DEF-0226,ENGINEERING_CIVIL,TMS,PZA,Pazhavanthangal,18.31,RAIL_FRACTURE_RISK,13.5,2,3.5,9,56.2,CRITICAL_EMERGENCY,55.1,CRITICAL_EMERGENCY,191
TMS-DEF-0298,ENGINEERING_CIVIL,TMS,STM,St. Thomas Mount,16.78,RAIL_FRACTURE_RISK,10.6,2,3.5,9,51.9,CRITICAL_EMERGENCY,55.1,CRITICAL_EMERGENCY,192
SMMS-DEF-0155,S_AND_T,SMMS,CGL,Chengalpattu Junction,59.84,POINT_MACHINE_MOTOR_SLUGGISH,9.6,1,2.0,9,55.2,CRITICAL_EMERGENCY,55.0,CRITICAL_EMERGENCY,193
TMS-DEF-0285,ENGINEERING_CIVIL,TMS,VDR,Vandalur,34.88,TRACK_GEOMETRY_BAD_TGI,13.2,8,4.0,8,52.4,MEDIUM_PLANNED,55.0,HIGH_PRIORITY,194
SMMS-DEF-0123,S_AND_T,SMMS,TBM,Tambaram,29.14,POINT_GROUND_CONNECTION_WEAR,14.0,0,2.5,10,53.4,CRITICAL_EMERGENCY,54.8,CRITICAL_EMERGENCY,195
TDMS-DEF-0109,ELECTRICAL_TRD,TDMS,MPK,Chennai Park,3.77,NEUTRAL_SECTION_MAINTENANCE,12.2,10,3.5,8,53.8,MEDIUM_PLANNED,54.8,MEDIUM_PLANNED,196
SMMS-DEF-0243,S_AND_T,SMMS,TBM,Tambaram,29.14,POINT_GROUND_CONNECTION_WEAR,13.7,2,2.5,9,58.3,CRITICAL_EMERGENCY,54.7,CRITICAL_EMERGENCY,197
TDMS-DEF-0178,ELECTRICAL_TRD,TDMS,NBK,Nungambakkam,8.67,CATENARY_DROPPER_FATIGUE,9.0,15,2.0,8,50.8,MEDIUM_PLANNED,54.4,MEDIUM_PLANNED,198
SMMS-DEF-0005,S_AND_T,SMMS,GDY,Guindy,15.01,POINT_MACHINE_MOTOR_SLUGGISH,14.1,12,2.0,8,51.1,MEDIUM_PLANNED,54.3,MEDIUM_PLANNED,199
TDMS-DEF-0063,ELECTRICAL_TRD,TDMS,MS,Chennai Egmore,3.9,NEUTRAL_SECTION_MAINTENANCE,6.7,9,3.5,8,55.5,HIGH_PRIORITY,54.3,HIGH_PRIORITY,200
TDMS-DEF-0138,ELECTRICAL_TRD,TDMS,PV,Pallavaram,23.33,INSULATOR_FLASHOVER_RISK,11.7,3,2.5,8,57.6,HIGH_PRIORITY,54.3,HIGH_PRIORITY,201
TDMS-DEF-0097,ELECTRICAL_TRD,TDMS,PRGL,Perungalathur,32.67,CONTACT_WIRE_CONDEMNING_WEAR,7.1,9,3.0,9,52.6,CRITICAL_EMERGENCY,54.2,CRITICAL_EMERGENCY,202
SMMS-DEF-0084,S_AND_T,SMMS,SP,Saidapet,12.9,POINT_MACHINE_MOTOR_SLUGGISH,6.7,20,2.0,7,49.5,MEDIUM_PLANNED,54.2,HIGH_PRIORITY,203
TDMS-DEF-0051,ELECTRICAL_TRD,TDMS,POTI,Potheri,43.7,CATENARY_DROPPER_FATIGUE,1.4,1,2.0,9,54.9,CRITICAL_EMERGENCY,54.1,CRITICAL_EMERGENCY,204
SMMS-DEF-0064,S_AND_T,SMMS,CGL,Chengalpattu Junction,59.84,POINT_MACHINE_MOTOR_SLUGGISH,4.8,7,2.0,8,55.2,HIGH_PRIORITY,54.1,HIGH_PRIORITY,205
TMS-DEF-0093,ENGINEERING_CIVIL,TMS,PV,Pallavaram,23.48,TRACK_GEOMETRY_BAD_TGI,11.9,14,4.0,7,55.9,HIGH_PRIORITY,54.1,HIGH_PRIORITY,206
TDMS-DEF-0022,ELECTRICAL_TRD,TDMS,TBMS,Tambaram Sanatorium,27.75,INSULATOR_FLASHOVER_RISK,13.3,15,2.5,7,48.0,MEDIUM_PLANNED,54.1,HIGH_PRIORITY,207
TDMS-DEF-0065,ELECTRICAL_TRD,TDMS,GI,Guduvancheri,40.14,INSULATOR_FLASHOVER_RISK,10.4,20,2.5,7,54.4,MEDIUM_PLANNED,54.1,MEDIUM_PLANNED,208
SMMS-DEF-0188,S_AND_T,SMMS,MSC,Chetpet,6.11,POINT_MACHINE_MOTOR_SLUGGISH,1.8,3,2.0,9,56.4,CRITICAL_EMERGENCY,54.0,CRITICAL_EMERGENCY,209
TDMS-DEF-0195,ELECTRICAL_TRD,TDMS,POTI,Potheri,44.05,SECTION_INSULATOR_PITTING,1.2,2,2.5,9,55.7,CRITICAL_EMERGENCY,54.0,CRITICAL_EMERGENCY,210
TMS-DEF-0229,ENGINEERING_CIVIL,TMS,TLM,Tirusulam,20.6,WELD_COLLAR_FATIGUE,5.2,22,2.5,7,51.9,MEDIUM_PLANNED,54.0,MEDIUM_PLANNED,211
SMMS-DEF-0087,S_AND_T,SMMS,CGL,Chengalpattu Junction,59.84,POINT_GROUND_CONNECTION_WEAR,9.0,3,2.5,9,52.1,CRITICAL_EMERGENCY,53.9,CRITICAL_EMERGENCY,212
SMMS-DEF-0185,S_AND_T,SMMS,GDY,Guindy,15.01,POINT_GROUND_CONNECTION_WEAR,6.8,8,2.5,9,50.7,CRITICAL_EMERGENCY,53.8,CRITICAL_EMERGENCY,213
TMS-DEF-0056,ENGINEERING_CIVIL,TMS,GDY,Guindy,15.52,WELD_COLLAR_FATIGUE,0.9,25,2.5,7,52.9,MEDIUM_PLANNED,53.8,MEDIUM_PLANNED,214
SMMS-DEF-0089,S_AND_T,SMMS,NBK,Nungambakkam,8.15,POINT_MACHINE_MOTOR_SLUGGISH,5.9,13,2.0,8,50.7,MEDIUM_PLANNED,53.7,MEDIUM_PLANNED,215
SMMS-DEF-0149,S_AND_T,SMMS,MS,Chennai Egmore,4.32,POINT_MACHINE_MOTOR_SLUGGISH,7.3,4,2.0,9,53.1,CRITICAL_EMERGENCY,53.6,CRITICAL_EMERGENCY,216
TMS-DEF-0211,ENGINEERING_CIVIL,TMS,SKL,Singaperumal Koil,51.22,IMR_ULTRASONIC_FLAW,12.7,7,3.0,8,54.2,MEDIUM_PLANNED,53.5,MEDIUM_PLANNED,217
SMMS-DEF-0019,S_AND_T,SMMS,MN,Meenambakkam,20.07,AXLE_COUNTER_DRIFT,11.5,1,1.5,8,56.1,HIGH_PRIORITY,53.5,HIGH_PRIORITY,218
TDMS-DEF-0184,ELECTRICAL_TRD,TDMS,MKK,Kodambakkam,9.72,INSULATOR_FLASHOVER_RISK,10.3,7,2.5,8,53.6,MEDIUM_PLANNED,53.5,MEDIUM_PLANNED,219
SMMS-DEF-0153,S_AND_T,SMMS,GDY,Guindy,15.01,POINT_MACHINE_MOTOR_SLUGGISH,6.4,5,2.0,9,54.2,CRITICAL_EMERGENCY,53.4,CRITICAL_EMERGENCY,220
SMMS-DEF-0187,S_AND_T,SMMS,NBK,Nungambakkam,8.15,POINT_MACHINE_MOTOR_SLUGGISH,1.9,0,2.0,9,47.5,CRITICAL_EMERGENCY,53.4,CRITICAL_EMERGENCY,221
SMMS-DEF-0244,S_AND_T,SMMS,TBM,Tambaram,29.14,POINT_MACHINE_MOTOR_SLUGGISH,1.8,11,2.0,9,52.0,CRITICAL_EMERGENCY,53.4,CRITICAL_EMERGENCY,222
SMMS-DEF-0091,S_AND_T,SMMS,NBK,Nungambakkam,8.2,ROUTINE_POINT_CLEANING_GREASING,2.5,46,1.0,3,53.3,MEDIUM_PLANNED,53.4,MEDIUM_PLANNED,223
SMMS-DEF-0234,S_AND_T,SMMS,NBK,Nungambakkam,8.15,POINT_MACHINE_MOTOR_SLUGGISH,8.0,8,2.0,8,53.3,MEDIUM_PLANNED,53.3,MEDIUM_PLANNED,224
TDMS-DEF-0207,ELECTRICAL_TRD,TDMS,MPK,Chennai Park,2.53,CANTILEVER_BRACKET_MISALIGN,17.1,9,2.0,6,54.0,MEDIUM_PLANNED,53.3,MEDIUM_PLANNED,225
TDMS-DEF-0115,ELECTRICAL_TRD,TDMS,GI,Guduvancheri,40.36,CONTACT_WIRE_CONDEMNING_WEAR,8.9,1,3.0,9,48.7,CRITICAL_EMERGENCY,53.2,CRITICAL_EMERGENCY,226
SMMS-DEF-0167,S_AND_T,SMMS,STM,St. Thomas Mount,17.12,POINT_GROUND_CONNECTION_WEAR,10.6,3,2.5,8,56.3,HIGH_PRIORITY,53.2,HIGH_PRIORITY,227
SMMS-DEF-0074,S_AND_T,SMMS,MSF,Chennai Fort,2.09,CABLE_INSULATION_DROP,13.5,11,3.0,7,53.1,MEDIUM_PLANNED,53.2,MEDIUM_PLANNED,228
SMMS-DEF-0012,S_AND_T,SMMS,GDY,Guindy,15.01,POINT_MACHINE_MOTOR_SLUGGISH,12.9,0,2.0,9,52.7,CRITICAL_EMERGENCY,53.1,CRITICAL_EMERGENCY,229
TMS-DEF-0024,ENGINEERING_CIVIL,TMS,TBM,Tambaram,28.6,WELD_COLLAR_FATIGUE,14.9,4,2.5,8,54.0,MEDIUM_PLANNED,53.1,MEDIUM_PLANNED,230
SMMS-DEF-0066,S_AND_T,SMMS,NBK,Nungambakkam,8.15,POINT_MACHINE_MOTOR_SLUGGISH,6.2,4,2.0,8,54.3,MEDIUM_PLANNED,53.1,MEDIUM_PLANNED,231
SMMS-DEF-0126,S_AND_T,SMMS,TLM,Tirusulam,21.14,ELECTRONIC_INTERLOCKING_CARD,9.8,7,1.5,8,53.5,MEDIUM_PLANNED,53.1,MEDIUM_PLANNED,232
TDMS-DEF-0134,ELECTRICAL_TRD,TDMS,MS,Chennai Egmore,4.25,SECTION_INSULATOR_PITTING,6.8,11,2.5,8,55.0,HIGH_PRIORITY,53.1,HIGH_PRIORITY,233
SMMS-DEF-0160,S_AND_T,SMMS,CGL,Chengalpattu Junction,59.84,POINT_GROUND_CONNECTION_WEAR,7.4,1,2.5,9,45.9,CRITICAL_EMERGENCY,52.9,CRITICAL_EMERGENCY,234
TDMS-DEF-0214,ELECTRICAL_TRD,TDMS,MN,Meenambakkam,20.05,NEUTRAL_SECTION_MAINTENANCE,9.0,13,3.5,8,57.9,HIGH_PRIORITY,52.9,MEDIUM_PLANNED,235
TMS-DEF-0271,ENGINEERING_CIVIL,TMS,PRGL,Perungalathur,32.99,TRACK_GEOMETRY_BAD_TGI,8.2,16,4.0,7,52.4,MEDIUM_PLANNED,52.9,MEDIUM_PLANNED,236
TMS-DEF-0053,ENGINEERING_CIVIL,TMS,NBK,Nungambakkam,8.91,RAIL_CORRUGATION_WEAR,0.9,28,3.0,6,53.6,MEDIUM_PLANNED,52.9,MEDIUM_PLANNED,237
SMMS-DEF-0031,S_AND_T,SMMS,MPK,Chennai Park,3.11,AXLE_COUNTER_DRIFT,4.4,4,1.5,9,56.0,CRITICAL_EMERGENCY,52.8,CRITICAL_EMERGENCY,238
SMMS-DEF-0156,S_AND_T,SMMS,MPK,Chennai Park,2.59,POINT_GROUND_CONNECTION_WEAR,13.6,6,2.5,8,52.7,MEDIUM_PLANNED,52.8,MEDIUM_PLANNED,239
SMMS-DEF-0038,S_AND_T,SMMS,PRGL,Perungalathur,33.0,SIGNAL_ASPECT_LED_DEGRADATION,4.3,12,1.0,7,56.3,HIGH_PRIORITY,52.8,HIGH_PRIORITY,240
TDMS-DEF-0166,ELECTRICAL_TRD,TDMS,STM,St. Thomas Mount,16.44,CATENARY_DROPPER_FATIGUE,7.4,26,2.0,6,50.3,MEDIUM_PLANNED,52.8,MEDIUM_PLANNED,241
TMS-DEF-0297,ENGINEERING_CIVIL,TMS,TLM,Tirusulam,21.46,TURNOUT_STOCK_RAIL_WEAR,10.6,14,3.5,7,53.8,MEDIUM_PLANNED,52.7,MEDIUM_PLANNED,242
TMS-DEF-0209,ENGINEERING_CIVIL,TMS,PV,Pallavaram,22.52,RAIL_FRACTURE_RISK,8.3,0,3.5,9,48.9,CRITICAL_EMERGENCY,52.6,CRITICAL_EMERGENCY,243
TMS-DEF-0092,ENGINEERING_CIVIL,TMS,STM,St. Thomas Mount,16.34,TURNOUT_STOCK_RAIL_WEAR,2.1,12,3.5,8,54.6,MEDIUM_PLANNED,52.6,MEDIUM_PLANNED,244
TMS-DEF-0275,ENGINEERING_CIVIL,TMS,PZA,Pazhavanthangal,19.17,IMR_ULTRASONIC_FLAW,6.7,7,3.0,8,50.7,MEDIUM_PLANNED,52.6,MEDIUM_PLANNED,245
TDMS-DEF-0005,ELECTRICAL_TRD,TDMS,SKL,Singaperumal Koil,51.82,CANTILEVER_BRACKET_MISALIGN,17.6,20,2.0,5,52.5,MEDIUM_PLANNED,52.6,MEDIUM_PLANNED,246
SMMS-DEF-0163,S_AND_T,SMMS,MN,Meenambakkam,19.81,POINT_MACHINE_MOTOR_SLUGGISH,9.2,13,2.0,8,50.3,MEDIUM_PLANNED,52.5,MEDIUM_PLANNED,247
TDMS-DEF-0197,ELECTRICAL_TRD,TDMS,SKL,Singaperumal Koil,51.1,CONTACT_WIRE_CONDEMNING_WEAR,11.6,4,3.0,8,53.2,MEDIUM_PLANNED,52.5,MEDIUM_PLANNED,248
TMS-DEF-0031,ENGINEERING_CIVIL,TMS,UPM,Urapakkam,38.27,IMR_ULTRASONIC_FLAW,6.7,9,3.0,8,50.5,MEDIUM_PLANNED,52.4,MEDIUM_PLANNED,249
SMMS-DEF-0193,S_AND_T,SMMS,STM,St. Thomas Mount,17.12,POINT_GROUND_CONNECTION_WEAR,6.5,3,2.5,8,52.3,MEDIUM_PLANNED,52.4,MEDIUM_PLANNED,250
TDMS-DEF-0133,ELECTRICAL_TRD,TDMS,MSF,Chennai Fort,1.66,CONTACT_WIRE_CONDEMNING_WEAR,4.3,1,3.0,10,51.8,CRITICAL_EMERGENCY,52.3,CRITICAL_EMERGENCY,251
SMMS-DEF-0034,S_AND_T,SMMS,SP,Saidapet,12.9,POINT_GROUND_CONNECTION_WEAR,2.2,1,2.5,9,57.7,CRITICAL_EMERGENCY,52.3,CRITICAL_EMERGENCY,252
SMMS-DEF-0105,S_AND_T,SMMS,UPM,Urapakkam,37.79,POINT_GROUND_CONNECTION_WEAR,8.0,3,2.5,9,50.6,CRITICAL_EMERGENCY,52.3,CRITICAL_EMERGENCY,253
TMS-DEF-0267,ENGINEERING_CIVIL,TMS,PV,Pallavaram,23.01,WELD_COLLAR_FATIGUE,5.8,11,2.5,8,50.2,MEDIUM_PLANNED,52.3,MEDIUM_PLANNED,254
TMS-DEF-0225,ENGINEERING_CIVIL,TMS,PZA,Pazhavanthangal,19.44,IMR_ULTRASONIC_FLAW,6.6,3,3.0,9,51.5,CRITICAL_EMERGENCY,52.2,CRITICAL_EMERGENCY,255
SMMS-DEF-0132,S_AND_T,SMMS,MS,Chennai Egmore,4.59,POINT_MACHINE_MOTOR_SLUGGISH,12.2,14,2.0,7,51.0,MEDIUM_PLANNED,52.2,MEDIUM_PLANNED,256
SMMS-DEF-0003,S_AND_T,SMMS,STM,St. Thomas Mount,17.12,POINT_GROUND_CONNECTION_WEAR,8.7,7,2.5,8,56.4,HIGH_PRIORITY,52.1,MEDIUM_PLANNED,257
TMS-DEF-0143,ENGINEERING_CIVIL,TMS,POTI,Potheri,43.62,IMR_ULTRASONIC_FLAW,5.5,6,3.0,9,50.9,CRITICAL_EMERGENCY,52.0,CRITICAL_EMERGENCY,258
TDMS-DEF-0201,ELECTRICAL_TRD,TDMS,MMNK,Maraimalai Nagar,46.33,SECTION_INSULATOR_PITTING,2.0,1,2.5,9,50.1,CRITICAL_EMERGENCY,52.0,CRITICAL_EMERGENCY,259
SMMS-DEF-0104,S_AND_T,SMMS,GI,Guduvancheri,40.3,SIGNAL_ASPECT_LED_DEGRADATION,9.7,17,1.0,6,52.8,MEDIUM_PLANNED,52.0,MEDIUM_PLANNED,260
SMMS-DEF-0140,S_AND_T,SMMS,NBK,Nungambakkam,8.15,POINT_GROUND_CONNECTION_WEAR,4.0,0,2.5,9,48.0,CRITICAL_EMERGENCY,51.9,CRITICAL_EMERGENCY,261
TMS-DEF-0193,ENGINEERING_CIVIL,TMS,VDR,Vandalur,33.73,BALLAST_DEFICIENCY,15.2,23,4.5,5,52.5,MEDIUM_PLANNED,51.9,MEDIUM_PLANNED,262
TMS-DEF-0005,ENGINEERING_CIVIL,TMS,SP,Saidapet,12.35,RAIL_FRACTURE_RISK,1.9,1,3.5,10,50.9,CRITICAL_EMERGENCY,51.8,CRITICAL_EMERGENCY,263
SMMS-DEF-0043,S_AND_T,SMMS,GDY,Guindy,15.01,POINT_MACHINE_MOTOR_SLUGGISH,7.8,1,2.0,9,50.4,CRITICAL_EMERGENCY,51.8,CRITICAL_EMERGENCY,264
SMMS-DEF-0004,S_AND_T,SMMS,UPM,Urapakkam,37.9,ELECTRONIC_INTERLOCKING_CARD,5.3,10,1.5,8,52.0,MEDIUM_PLANNED,51.8,MEDIUM_PLANNED,265
SMMS-DEF-0023,S_AND_T,SMMS,MBM,Mambalam,11.53,ELECTRONIC_INTERLOCKING_CARD,3.9,10,1.5,8,48.6,MEDIUM_PLANNED,51.8,MEDIUM_PLANNED,266
TMS-DEF-0161,ENGINEERING_CIVIL,TMS,MSF,Chennai Fort,1.49,RAIL_FRACTURE_RISK,2.0,4,3.5,9,53.4,CRITICAL_EMERGENCY,51.7,CRITICAL_EMERGENCY,267
SMMS-DEF-0183,S_AND_T,SMMS,MS,Chennai Egmore,4.32,POINT_MACHINE_MOTOR_SLUGGISH,3.0,6,2.0,9,52.5,CRITICAL_EMERGENCY,51.7,CRITICAL_EMERGENCY,268
TMS-DEF-0279,ENGINEERING_CIVIL,TMS,MSF,Chennai Fort,1.22,TURNOUT_STOCK_RAIL_WEAR,8.5,12,3.5,8,52.3,MEDIUM_PLANNED,51.7,MEDIUM_PLANNED,269
SMMS-DEF-0049,S_AND_T,SMMS,UPM,Urapakkam,37.76,POINT_GROUND_CONNECTION_WEAR,6.0,4,2.5,8,49.8,MEDIUM_PLANNED,51.7,MEDIUM_PLANNED,270
TMS-DEF-0273,ENGINEERING_CIVIL,TMS,PRGL,Perungalathur,32.4,BALLAST_DEFICIENCY,8.2,20,4.5,6,52.7,MEDIUM_PLANNED,51.7,MEDIUM_PLANNED,271
TDMS-DEF-0026,ELECTRICAL_TRD,TDMS,POTI,Potheri,44.27,CANTILEVER_BRACKET_MISALIGN,4.0,29,2.0,5,52.6,MEDIUM_PLANNED,51.7,MEDIUM_PLANNED,272
TDMS-DEF-0055,ELECTRICAL_TRD,TDMS,CGL,Chengalpattu Junction,59.7,CATENARY_DROPPER_FATIGUE,5.4,1,2.0,8,53.7,MEDIUM_PLANNED,51.5,MEDIUM_PLANNED,273
TDMS-DEF-0160,ELECTRICAL_TRD,TDMS,SKL,Singaperumal Koil,52.11,SECTION_INSULATOR_PITTING,14.1,11,2.5,8,49.6,MEDIUM_PLANNED,51.5,MEDIUM_PLANNED,274
TMS-DEF-0280,ENGINEERING_CIVIL,TMS,MSC,Chetpet,6.28,TRACK_GEOMETRY_BAD_TGI,6.6,15,4.0,7,51.6,MEDIUM_PLANNED,51.5,MEDIUM_PLANNED,275
TMS-DEF-0051,ENGINEERING_CIVIL,TMS,GDY,Guindy,14.79,SLEEPER_CRACK_FATIGUE,3.8,34,2.5,5,51.0,MEDIUM_PLANNED,51.5,MEDIUM_PLANNED,276
TMS-DEF-0098,ENGINEERING_CIVIL,TMS,TBM,Tambaram,28.36,RAIL_FRACTURE_RISK,4.2,5,3.5,9,52.0,CRITICAL_EMERGENCY,51.4,CRITICAL_EMERGENCY,277
SMMS-DEF-0134,S_AND_T,SMMS,GDY,Guindy,15.01,POINT_MACHINE_MOTOR_SLUGGISH,2.0,1,2.0,9,51.1,CRITICAL_EMERGENCY,51.4,CRITICAL_EMERGENCY,278
SMMS-DEF-0016,S_AND_T,SMMS,TBM,Tambaram,29.63,POINT_GROUND_CONNECTION_WEAR,1.0,11,2.5,8,51.2,MEDIUM_PLANNED,51.3,MEDIUM_PLANNED,279
TDMS-DEF-0007,ELECTRICAL_TRD,TDMS,GI,Guduvancheri,40.66,INSULATOR_FLASHOVER_RISK,15.2,1,2.5,8,51.3,MEDIUM_PLANNED,51.2,MEDIUM_PLANNED,280
SMMS-DEF-0098,S_AND_T,SMMS,MS,Chennai Egmore,4.32,POINT_MACHINE_MOTOR_SLUGGISH,14.9,5,2.0,7,52.5,MEDIUM_PLANNED,51.2,MEDIUM_PLANNED,281
SMMS-DEF-0220,S_AND_T,SMMS,GDY,Guindy,14.77,ELECTRONIC_INTERLOCKING_CARD,6.1,1,1.5,10,49.5,CRITICAL_EMERGENCY,51.0,CRITICAL_EMERGENCY,282
TMS-DEF-0269,ENGINEERING_CIVIL,TMS,MS,Chennai Egmore,4.03,RAIL_FRACTURE_RISK,4.6,4,3.5,9,50.4,CRITICAL_EMERGENCY,51.0,CRITICAL_EMERGENCY,283
TMS-DEF-0293,ENGINEERING_CIVIL,TMS,PZA,Pazhavanthangal,19.43,TURNOUT_STOCK_RAIL_WEAR,3.8,17,3.5,7,53.0,MEDIUM_PLANNED,51.0,MEDIUM_PLANNED,284
TMS-DEF-0054,ENGINEERING_CIVIL,TMS,CGL,Chengalpattu Junction,59.7,WELD_COLLAR_FATIGUE,4.6,22,2.5,6,51.7,MEDIUM_PLANNED,51.0,MEDIUM_PLANNED,285
SMMS-DEF-0020,S_AND_T,SMMS,TBM,Tambaram,29.06,ELECTRONIC_INTERLOCKING_CARD,4.1,2,1.5,9,49.3,CRITICAL_EMERGENCY,50.9,CRITICAL_EMERGENCY,286
SMMS-DEF-0094,S_AND_T,SMMS,TBM,Tambaram,29.14,POINT_GROUND_CONNECTION_WEAR,3.7,14,2.5,8,48.9,MEDIUM_PLANNED,50.9,MEDIUM_PLANNED,287
TDMS-DEF-0044,ELECTRICAL_TRD,TDMS,TBMS,Tambaram Sanatorium,27.32,CATENARY_DROPPER_FATIGUE,12.2,4,2.0,8,50.3,MEDIUM_PLANNED,50.9,MEDIUM_PLANNED,288
SMMS-DEF-0057,S_AND_T,SMMS,PZA,Pazhavanthangal,18.8,ELECTRONIC_INTERLOCKING_CARD,3.2,0,1.5,9,51.0,CRITICAL_EMERGENCY,50.8,CRITICAL_EMERGENCY,289
TDMS-DEF-0144,ELECTRICAL_TRD,TDMS,MS,Chennai Egmore,3.99,CATENARY_DROPPER_FATIGUE,12.0,2,2.0,8,56.3,HIGH_PRIORITY,50.8,MEDIUM_PLANNED,290
TMS-DEF-0076,ENGINEERING_CIVIL,TMS,MBM,Mambalam,11.1,WELD_COLLAR_FATIGUE,1.5,13,2.5,8,51.2,MEDIUM_PLANNED,50.7,MEDIUM_PLANNED,291
SMMS-DEF-0218,S_AND_T,SMMS,SP,Saidapet,12.66,TRACK_CIRCUIT_INSULATION_FAIL,2.7,16,2.0,6,51.3,MEDIUM_PLANNED,50.7,MEDIUM_PLANNED,292
SMMS-DEF-0007,S_AND_T,SMMS,STM,St. Thomas Mount,17.12,POINT_GROUND_CONNECTION_WEAR,1.4,7,2.5,9,48.7,CRITICAL_EMERGENCY,50.6,CRITICAL_EMERGENCY,293
TMS-DEF-0128,ENGINEERING_CIVIL,TMS,UPM,Urapakkam,37.67,TRACK_GEOMETRY_BAD_TGI,5.3,19,4.0,7,49.6,MEDIUM_PLANNED,50.6,MEDIUM_PLANNED,294
TMS-DEF-0127,ENGINEERING_CIVIL,TMS,TBM,Tambaram,28.55,TURNOUT_STOCK_RAIL_WEAR,14.2,17,3.5,6,50.9,MEDIUM_PLANNED,50.6,MEDIUM_PLANNED,295
TMS-DEF-0080,ENGINEERING_CIVIL,TMS,MN,Meenambakkam,19.78,TRACK_GEOMETRY_BAD_TGI,13.5,1,4.0,8,52.3,MEDIUM_PLANNED,50.4,MEDIUM_PLANNED,296
TMS-DEF-0220,ENGINEERING_CIVIL,TMS,MBM,Mambalam,12.04,TURNOUT_STOCK_RAIL_WEAR,4.1,18,3.5,7,49.9,MEDIUM_PLANNED,50.4,MEDIUM_PLANNED,297
SMMS-DEF-0042,S_AND_T,SMMS,MPK,Chennai Park,3.52,POINT_MACHINE_MOTOR_SLUGGISH,6.5,6,2.0,7,51.0,MEDIUM_PLANNED,50.4,MEDIUM_PLANNED,298
TDMS-DEF-0149,ELECTRICAL_TRD,TDMS,PV,Pallavaram,22.88,SECTION_INSULATOR_PITTING,3.2,1,2.5,9,42.2,CRITICAL_EMERGENCY,50.3,CRITICAL_EMERGENCY,299
SMMS-DEF-0129,S_AND_T,SMMS,MS,Chennai Egmore,4.32,POINT_GROUND_CONNECTION_WEAR,2.2,4,2.5,8,49.2,MEDIUM_PLANNED,50.3,MEDIUM_PLANNED,300
TMS-DEF-0228,ENGINEERING_CIVIL,TMS,MPK,Chennai Park,2.3,TRACK_GEOMETRY_BAD_TGI,9.0,4,4.0,8,50.8,MEDIUM_PLANNED,50.2,MEDIUM_PLANNED,301
SMMS-DEF-0033,S_AND_T,SMMS,SP,Saidapet,12.9,POINT_GROUND_CONNECTION_WEAR,5.3,0,2.5,8,52.5,MEDIUM_PLANNED,50.2,MEDIUM_PLANNED,302
TDMS-DEF-0212,ELECTRICAL_TRD,TDMS,MSF,Chennai Fort,1.75,CATENARY_DROPPER_FATIGUE,7.3,3,2.0,8,44.7,MEDIUM_PLANNED,50.2,MEDIUM_PLANNED,303
TMS-DEF-0219,ENGINEERING_CIVIL,TMS,SKL,Singaperumal Koil,51.68,TURNOUT_STOCK_RAIL_WEAR,1.2,10,3.5,8,48.7,MEDIUM_PLANNED,50.1,MEDIUM_PLANNED,304
TDMS-DEF-0053,ELECTRICAL_TRD,TDMS,TLM,Tirusulam,20.96,CATENARY_DROPPER_FATIGUE,9.9,1,2.0,8,50.6,MEDIUM_PLANNED,50.1,MEDIUM_PLANNED,305
SMMS-DEF-0242,S_AND_T,SMMS,VDR,Vandalur,34.14,TRACK_CIRCUIT_INSULATION_FAIL,14.6,9,2.0,7,49.2,MEDIUM_PLANNED,50.1,MEDIUM_PLANNED,306
TMS-DEF-0117,ENGINEERING_CIVIL,TMS,GDY,Guindy,14.91,BALLAST_DEFICIENCY,11.3,16,4.5,6,51.9,MEDIUM_PLANNED,50.0,MEDIUM_PLANNED,307
TMS-DEF-0242,ENGINEERING_CIVIL,TMS,MMNK,Maraimalai Nagar,46.84,BALLAST_PACKING_ROUTINE,15.9,30,2.0,4,48.8,MEDIUM_PLANNED,50.0,MEDIUM_PLANNED,308
TDMS-DEF-0122,ELECTRICAL_TRD,TDMS,CMP,Chromepet,25.17,INSULATOR_ROUTINE_CLEANING,16.2,22,1.5,5,56.9,HIGH_PRIORITY,49.9,MEDIUM_PLANNED,309
TMS-DEF-0194,ENGINEERING_CIVIL,TMS,GDY,Guindy,14.73,TURNOUT_STOCK_RAIL_WEAR,12.1,10,3.5,7,47.8,MEDIUM_PLANNED,49.8,MEDIUM_PLANNED,310
TDMS-DEF-0112,ELECTRICAL_TRD,TDMS,PRGL,Perungalathur,31.95,ROUTINE_MAST_BONDING_CHECK,9.4,43,1.0,3,53.4,MEDIUM_PLANNED,49.8,MEDIUM_PLANNED,311
SMMS-DEF-0162,S_AND_T,SMMS,MN,Meenambakkam,20.32,CABLE_INSULATION_DROP,8.4,10,3.0,7,49.5,MEDIUM_PLANNED,49.7,MEDIUM_PLANNED,312
TDMS-DEF-0024,ELECTRICAL_TRD,TDMS,SP,Saidapet,12.76,SECTION_INSULATOR_PITTING,8.4,9,2.5,8,46.9,MEDIUM_PLANNED,49.6,MEDIUM_PLANNED,313
TDMS-DEF-0154,ELECTRICAL_TRD,TDMS,CGL,Chengalpattu Junction,59.7,SECTION_INSULATOR_PITTING,11.8,1,2.5,8,49.5,MEDIUM_PLANNED,49.6,MEDIUM_PLANNED,314
TDMS-DEF-0037,ELECTRICAL_TRD,TDMS,GDY,Guindy,14.94,INSULATOR_FLASHOVER_RISK,17.3,0,2.5,7,49.5,MEDIUM_PLANNED,49.6,MEDIUM_PLANNED,315
SMMS-DEF-0191,S_AND_T,SMMS,NBK,Nungambakkam,8.02,ELECTRONIC_INTERLOCKING_CARD,3.2,6,1.5,9,47.5,CRITICAL_EMERGENCY,49.5,CRITICAL_EMERGENCY,316
SMMS-DEF-0239,S_AND_T,SMMS,MN,Meenambakkam,19.66,TRACK_CIRCUIT_INSULATION_FAIL,10.7,5,2.0,8,47.2,MEDIUM_PLANNED,49.5,MEDIUM_PLANNED,317
SMMS-DEF-0238,S_AND_T,SMMS,VDR,Vandalur,34.93,POINT_GROUND_CONNECTION_WEAR,12.6,2,2.5,8,43.1,MEDIUM_PLANNED,49.4,MEDIUM_PLANNED,318
TDMS-DEF-0086,ELECTRICAL_TRD,TDMS,MSC,Chetpet,5.94,INSULATOR_FLASHOVER_RISK,9.5,5,2.5,8,49.2,MEDIUM_PLANNED,49.4,MEDIUM_PLANNED,319
TDMS-DEF-0121,ELECTRICAL_TRD,TDMS,MS,Chennai Egmore,4.91,CONTACT_WIRE_CONDEMNING_WEAR,13.9,1,3.0,8,50.5,MEDIUM_PLANNED,49.3,MEDIUM_PLANNED,320
SMMS-DEF-0127,S_AND_T,SMMS,NBK,Nungambakkam,8.15,POINT_MACHINE_MOTOR_SLUGGISH,13.9,5,2.0,7,55.2,HIGH_PRIORITY,49.3,MEDIUM_PLANNED,321
TDMS-DEF-0077,ELECTRICAL_TRD,TDMS,MN,Meenambakkam,20.0,CONTACT_WIRE_CONDEMNING_WEAR,1.2,6,3.0,8,50.8,MEDIUM_PLANNED,49.2,MEDIUM_PLANNED,322
TDMS-DEF-0130,ELECTRICAL_TRD,TDMS,TBM,Tambaram,29.05,CANTILEVER_BRACKET_MISALIGN,3.1,20,2.0,5,51.6,MEDIUM_PLANNED,49.2,MEDIUM_PLANNED,323
TDMS-DEF-0128,ELECTRICAL_TRD,TDMS,TLM,Tirusulam,21.5,NEUTRAL_SECTION_MAINTENANCE,15.5,5,3.5,8,49.5,MEDIUM_PLANNED,49.1,MEDIUM_PLANNED,324
SMMS-DEF-0021,S_AND_T,SMMS,MS,Chennai Egmore,4.32,POINT_MACHINE_MOTOR_SLUGGISH,10.1,7,2.0,7,49.8,MEDIUM_PLANNED,49.1,MEDIUM_PLANNED,325
TMS-DEF-0065,ENGINEERING_CIVIL,TMS,MKK,Kodambakkam,9.57,TURNOUT_STOCK_RAIL_WEAR,7.3,3,3.5,8,49.0,MEDIUM_PLANNED,49.0,MEDIUM_PLANNED,326
SMMS-DEF-0035,S_AND_T,SMMS,POTI,Potheri,44.04,AXLE_COUNTER_DRIFT,13.8,0,1.5,8,49.7,MEDIUM_PLANNED,48.9,MEDIUM_PLANNED,327
TDMS-DEF-0031,ELECTRICAL_TRD,TDMS,MSF,Chennai Fort,2.04,SECTION_INSULATOR_PITTING,13.6,6,2.5,8,47.4,MEDIUM_PLANNED,48.9,MEDIUM_PLANNED,328
TDMS-DEF-0148,ELECTRICAL_TRD,TDMS,TBMS,Tambaram Sanatorium,27.56,NEUTRAL_SECTION_MAINTENANCE,8.9,8,3.5,8,48.0,MEDIUM_PLANNED,48.9,MEDIUM_PLANNED,329
TMS-DEF-0122,ENGINEERING_CIVIL,TMS,CMP,Chromepet,25.11,SLEEPER_CRACK_FATIGUE,10.9,22,2.5,5,50.3,MEDIUM_PLANNED,48.9,MEDIUM_PLANNED,330
TMS-DEF-0114,ENGINEERING_CIVIL,TMS,GDY,Guindy,14.26,BALLAST_DEFICIENCY,11.4,16,4.5,6,48.6,MEDIUM_PLANNED,48.8,MEDIUM_PLANNED,331
SMMS-DEF-0229,S_AND_T,SMMS,GDY,Guindy,15.01,POINT_GROUND_CONNECTION_WEAR,2.8,0,2.5,8,48.8,MEDIUM_PLANNED,48.7,MEDIUM_PLANNED,332
TMS-DEF-0207,ENGINEERING_CIVIL,TMS,VDR,Vandalur,34.59,TURNOUT_STOCK_RAIL_WEAR,9.5,1,3.5,8,50.5,MEDIUM_PLANNED,48.6,MEDIUM_PLANNED,333
TDMS-DEF-0052,ELECTRICAL_TRD,TDMS,MPK,Chennai Park,3.17,SECTION_INSULATOR_PITTING,7.6,3,2.5,8,47.9,MEDIUM_PLANNED,48.6,MEDIUM_PLANNED,334
SMMS-DEF-0101,S_AND_T,SMMS,GDY,Guindy,15.01,POINT_MACHINE_MOTOR_SLUGGISH,10.7,1,2.0,8,45.2,MEDIUM_PLANNED,48.5,MEDIUM_PLANNED,335
TMS-DEF-0270,ENGINEERING_CIVIL,TMS,GDY,Guindy,15.72,WELD_COLLAR_FATIGUE,15.4,3,2.5,7,49.5,MEDIUM_PLANNED,48.5,MEDIUM_PLANNED,336
SMMS-DEF-0013,S_AND_T,SMMS,MMNK,Maraimalai Nagar,46.96,POINT_MACHINE_MOTOR_SLUGGISH,7.9,0,2.0,8,51.2,MEDIUM_PLANNED,48.3,MEDIUM_PLANNED,337
TMS-DEF-0255,ENGINEERING_CIVIL,TMS,MS,Chennai Egmore,5.1,WELD_COLLAR_FATIGUE,12.8,1,2.5,8,45.9,MEDIUM_PLANNED,48.2,MEDIUM_PLANNED,338
SMMS-DEF-0108,S_AND_T,SMMS,NBK,Nungambakkam,8.15,POINT_MACHINE_MOTOR_SLUGGISH,8.9,0,2.0,8,47.9,MEDIUM_PLANNED,48.2,MEDIUM_PLANNED,339
TMS-DEF-0107,ENGINEERING_CIVIL,TMS,CMP,Chromepet,25.32,TRACK_GEOMETRY_BAD_TGI,15.5,5,4.0,7,46.6,MEDIUM_PLANNED,48.2,MEDIUM_PLANNED,340
TDMS-DEF-0213,ELECTRICAL_TRD,TDMS,PZA,Pazhavanthangal,19.26,SECTION_INSULATOR_PITTING,15.7,2,2.5,7,48.8,MEDIUM_PLANNED,48.2,MEDIUM_PLANNED,341
TMS-DEF-0236,ENGINEERING_CIVIL,TMS,UPM,Urapakkam,36.98,TURNOUT_STOCK_RAIL_WEAR,15.7,12,3.5,6,48.1,MEDIUM_PLANNED,48.2,MEDIUM_PLANNED,342
TDMS-DEF-0040,ELECTRICAL_TRD,TDMS,SKL,Singaperumal Koil,52.09,SECTION_INSULATOR_PITTING,9.1,1,2.5,8,49.1,MEDIUM_PLANNED,47.8,MEDIUM_PLANNED,343
SMMS-DEF-0135,S_AND_T,SMMS,TBM,Tambaram,29.14,POINT_MACHINE_MOTOR_SLUGGISH,13.0,0,2.0,8,44.7,MEDIUM_PLANNED,47.7,MEDIUM_PLANNED,344
TDMS-DEF-0193,ELECTRICAL_TRD,TDMS,MBM,Mambalam,10.92,CATENARY_DROPPER_FATIGUE,10.5,13,2.0,6,48.0,MEDIUM_PLANNED,47.6,MEDIUM_PLANNED,345
TDMS-DEF-0139,ELECTRICAL_TRD,TDMS,UPM,Urapakkam,37.66,CATENARY_DROPPER_FATIGUE,1.9,14,2.0,7,46.4,MEDIUM_PLANNED,47.5,MEDIUM_PLANNED,346
TDMS-DEF-0171,ELECTRICAL_TRD,TDMS,MSC,Chetpet,6.21,INSULATOR_ROUTINE_CLEANING,12.9,27,1.5,4,48.6,MEDIUM_PLANNED,47.5,MEDIUM_PLANNED,347
TMS-DEF-0158,ENGINEERING_CIVIL,TMS,SP,Saidapet,12.96,SLEEPER_CRACK_FATIGUE,10.9,14,2.5,6,48.4,MEDIUM_PLANNED,47.4,MEDIUM_PLANNED,348
TMS-DEF-0256,ENGINEERING_CIVIL,TMS,PRGL,Perungalathur,32.43,TRACK_GEOMETRY_BAD_TGI,10.0,8,4.0,7,44.8,MEDIUM_PLANNED,47.3,MEDIUM_PLANNED,349
TMS-DEF-0033,ENGINEERING_CIVIL,TMS,MPK,Chennai Park,2.98,IMR_ULTRASONIC_FLAW,10.6,0,3.0,8,47.6,MEDIUM_PLANNED,47.2,MEDIUM_PLANNED,350
TDMS-DEF-0127,ELECTRICAL_TRD,TDMS,SP,Saidapet,12.53,NEUTRAL_SECTION_MAINTENANCE,6.9,1,3.5,8,47.0,MEDIUM_PLANNED,47.2,MEDIUM_PLANNED,351
TMS-DEF-0283,ENGINEERING_CIVIL,TMS,POTI,Potheri,44.15,TURNOUT_STOCK_RAIL_WEAR,4.6,4,3.5,8,48.2,MEDIUM_PLANNED,47.1,MEDIUM_PLANNED,352
TDMS-DEF-0200,ELECTRICAL_TRD,TDMS,MBM,Mambalam,11.19,INSULATOR_FLASHOVER_RISK,2.8,9,2.5,8,43.8,MEDIUM_PLANNED,47.1,MEDIUM_PLANNED,353
SMMS-DEF-0072,S_AND_T,SMMS,MSC,Chetpet,6.69,AXLE_COUNTER_DRIFT,10.1,0,1.5,8,50.7,MEDIUM_PLANNED,47.0,MEDIUM_PLANNED,354
TDMS-DEF-0003,ELECTRICAL_TRD,TDMS,VDR,Vandalur,33.78,INSULATOR_FLASHOVER_RISK,9.0,8,2.5,7,47.5,MEDIUM_PLANNED,46.9,MEDIUM_PLANNED,355
SMMS-DEF-0056,S_AND_T,SMMS,MN,Meenambakkam,20.51,CABLE_INSULATION_DROP,9.7,10,3.0,6,49.6,MEDIUM_PLANNED,46.9,MEDIUM_PLANNED,356
TMS-DEF-0055,ENGINEERING_CIVIL,TMS,MN,Meenambakkam,20.64,WELD_COLLAR_FATIGUE,3.6,9,2.5,7,47.9,MEDIUM_PLANNED,46.8,MEDIUM_PLANNED,357
TDMS-DEF-0211,ELECTRICAL_TRD,TDMS,MSF,Chennai Fort,1.46,SECTION_INSULATOR_PITTING,4.0,1,2.5,8,49.2,MEDIUM_PLANNED,46.7,MEDIUM_PLANNED,358
SMMS-DEF-0060,S_AND_T,SMMS,SKL,Singaperumal Koil,51.25,SIGNAL_ASPECT_LED_DEGRADATION,3.2,8,1.0,7,45.3,MEDIUM_PLANNED,46.7,MEDIUM_PLANNED,359
TDMS-DEF-0208,ELECTRICAL_TRD,TDMS,MSB,Chennai Beach,0.1,SECTION_INSULATOR_PITTING,8.4,7,2.5,7,38.6,MEDIUM_PLANNED,46.7,MEDIUM_PLANNED,360
TMS-DEF-0251,ENGINEERING_CIVIL,TMS,MS,Chennai Egmore,3.94,TURNOUT_STOCK_RAIL_WEAR,3.8,3,3.5,8,46.8,MEDIUM_PLANNED,46.5,MEDIUM_PLANNED,361
TMS-DEF-0077,ENGINEERING_CIVIL,TMS,PV,Pallavaram,23.02,RAIL_CORRUGATION_WEAR,6.5,14,3.0,6,46.9,MEDIUM_PLANNED,46.5,MEDIUM_PLANNED,362
TMS-DEF-0248,ENGINEERING_CIVIL,TMS,PZA,Pazhavanthangal,18.56,BALLAST_PACKING_ROUTINE,2.9,34,2.0,4,46.9,MEDIUM_PLANNED,46.4,MEDIUM_PLANNED,363
SMMS-DEF-0177,S_AND_T,SMMS,MMNK,Maraimalai Nagar,46.96,POINT_MACHINE_MOTOR_SLUGGISH,11.3,0,2.0,8,43.9,MEDIUM_PLANNED,46.3,MEDIUM_PLANNED,364
SMMS-DEF-0158,S_AND_T,SMMS,MMNK,Maraimalai Nagar,46.85,POINT_MACHINE_MOTOR_SLUGGISH,10.4,6,2.0,7,42.3,MEDIUM_PLANNED,46.3,MEDIUM_PLANNED,365
TDMS-DEF-0082,ELECTRICAL_TRD,TDMS,MPK,Chennai Park,3.09,CANTILEVER_BRACKET_MISALIGN,3.1,22,2.0,6,44.3,MEDIUM_PLANNED,46.3,MEDIUM_PLANNED,366
TMS-DEF-0249,ENGINEERING_CIVIL,TMS,PZA,Pazhavanthangal,18.66,BALLAST_PACKING_ROUTINE,2.6,33,2.0,4,45.5,MEDIUM_PLANNED,46.2,MEDIUM_PLANNED,367
TDMS-DEF-0061,ELECTRICAL_TRD,TDMS,MSC,Chetpet,6.09,SECTION_INSULATOR_PITTING,3.9,0,2.5,9,44.6,CRITICAL_EMERGENCY,46.1,CRITICAL_EMERGENCY,368
TDMS-DEF-0016,ELECTRICAL_TRD,TDMS,MBM,Mambalam,10.59,SECTION_INSULATOR_PITTING,10.1,8,2.5,7,46.0,MEDIUM_PLANNED,46.1,MEDIUM_PLANNED,369
TMS-DEF-0135,ENGINEERING_CIVIL,TMS,STM,St. Thomas Mount,17.71,BALLAST_PACKING_ROUTINE,6.4,28,2.0,4,47.2,MEDIUM_PLANNED,46.1,MEDIUM_PLANNED,370
TDMS-DEF-0125,ELECTRICAL_TRD,TDMS,PV,Pallavaram,23.82,NEUTRAL_SECTION_MAINTENANCE,12.6,5,3.5,8,43.8,MEDIUM_PLANNED,46.0,MEDIUM_PLANNED,371
TMS-DEF-0094,ENGINEERING_CIVIL,TMS,CGL,Chengalpattu Junction,59.7,TURNOUT_STOCK_RAIL_WEAR,7.3,8,3.5,7,47.8,MEDIUM_PLANNED,45.7,MEDIUM_PLANNED,372
TDMS-DEF-0192,ELECTRICAL_TRD,TDMS,MS,Chennai Egmore,3.67,INSULATOR_FLASHOVER_RISK,2.9,3,2.5,8,44.5,MEDIUM_PLANNED,45.6,MEDIUM_PLANNED,373
TDMS-DEF-0183,ELECTRICAL_TRD,TDMS,MPK,Chennai Park,3.69,CATENARY_DROPPER_FATIGUE,13.2,10,2.0,6,46.4,MEDIUM_PLANNED,45.6,MEDIUM_PLANNED,374
TMS-DEF-0179,ENGINEERING_CIVIL,TMS,MS,Chennai Egmore,4.02,RAIL_FLANGE_LUBRICATION,4.5,27,1.0,4,46.2,MEDIUM_PLANNED,45.4,MEDIUM_PLANNED,375
TDMS-DEF-0085,ELECTRICAL_TRD,TDMS,MSB,Chennai Beach,0.1,INSULATOR_FLASHOVER_RISK,2.9,1,2.5,8,45.6,MEDIUM_PLANNED,45.3,MEDIUM_PLANNED,376
TDMS-DEF-0150,ELECTRICAL_TRD,TDMS,SKL,Singaperumal Koil,51.97,SECTION_INSULATOR_PITTING,8.7,6,2.5,8,42.8,MEDIUM_PLANNED,44.9,MEDIUM_PLANNED,377
TDMS-DEF-0204,ELECTRICAL_TRD,TDMS,STM,St. Thomas Mount,17.38,CATENARY_DROPPER_FATIGUE,12.3,4,2.0,7,45.0,MEDIUM_PLANNED,44.9,MEDIUM_PLANNED,378
TMS-DEF-0164,ENGINEERING_CIVIL,TMS,POTI,Potheri,43.73,TURNOUT_STOCK_RAIL_WEAR,15.2,7,3.5,6,46.9,MEDIUM_PLANNED,44.9,MEDIUM_PLANNED,379
TDMS-DEF-0131,ELECTRICAL_TRD,TDMS,CMP,Chromepet,25.78,ROUTINE_MAST_BONDING_CHECK,9.2,16,1.0,4,46.9,MEDIUM_PLANNED,44.9,MEDIUM_PLANNED,380
TDMS-DEF-0205,ELECTRICAL_TRD,TDMS,MKK,Kodambakkam,9.43,SECTION_INSULATOR_PITTING,3.5,1,2.5,8,43.1,MEDIUM_PLANNED,44.8,MEDIUM_PLANNED,381
TDMS-DEF-0091,ELECTRICAL_TRD,TDMS,MKK,Kodambakkam,9.71,INSULATOR_FLASHOVER_RISK,11.1,0,2.5,8,42.5,MEDIUM_PLANNED,44.7,MEDIUM_PLANNED,382
SMMS-DEF-0116,S_AND_T,SMMS,GDY,Guindy,14.65,SIGNAL_ASPECT_LED_DEGRADATION,14.9,5,1.0,7,42.9,MEDIUM_PLANNED,44.7,MEDIUM_PLANNED,383
TMS-DEF-0288,ENGINEERING_CIVIL,TMS,GI,Guduvancheri,40.38,SLEEPER_CRACK_FATIGUE,15.3,7,2.5,6,44.3,MEDIUM_PLANNED,44.7,MEDIUM_PLANNED,384
SMMS-DEF-0118,S_AND_T,SMMS,VDR,Vandalur,34.63,AXLE_COUNTER_DRIFT,13.5,3,1.5,7,40.7,MEDIUM_PLANNED,44.6,MEDIUM_PLANNED,385
TMS-DEF-0257,ENGINEERING_CIVIL,TMS,MN,Meenambakkam,20.84,ROUTINE_FISHPLATE_GREASING,6.9,27,1.5,4,43.7,MEDIUM_PLANNED,44.5,MEDIUM_PLANNED,386
TMS-DEF-0286,ENGINEERING_CIVIL,TMS,POTI,Potheri,43.32,TURNOUT_STOCK_RAIL_WEAR,5.4,0,3.5,8,42.3,MEDIUM_PLANNED,44.4,MEDIUM_PLANNED,387
SMMS-DEF-0198,S_AND_T,SMMS,NBK,Nungambakkam,8.15,POINT_MACHINE_MOTOR_SLUGGISH,11.0,0,2.0,7,47.5,MEDIUM_PLANNED,44.2,MEDIUM_PLANNED,388
SMMS-DEF-0036,S_AND_T,SMMS,TBM,Tambaram,29.29,TRACK_CIRCUIT_INSULATION_FAIL,5.7,0,2.0,7,46.5,MEDIUM_PLANNED,44.1,MEDIUM_PLANNED,389
TMS-DEF-0104,ENGINEERING_CIVIL,TMS,VDR,Vandalur,34.09,WELD_COLLAR_FATIGUE,5.1,7,2.5,7,43.5,MEDIUM_PLANNED,44.0,MEDIUM_PLANNED,390
TDMS-DEF-0190,ELECTRICAL_TRD,TDMS,VDR,Vandalur,33.76,SECTION_INSULATOR_PITTING,0.6,4,2.5,8,54.9,MEDIUM_PLANNED,43.9,MEDIUM_PLANNED,391
TMS-DEF-0239,ENGINEERING_CIVIL,TMS,SP,Saidapet,12.16,BALLAST_DEFICIENCY,6.0,10,4.5,6,43.9,MEDIUM_PLANNED,43.9,MEDIUM_PLANNED,392
TDMS-DEF-0206,ELECTRICAL_TRD,TDMS,VDR,Vandalur,33.94,CANTILEVER_BRACKET_MISALIGN,4.0,15,2.0,6,43.5,MEDIUM_PLANNED,43.9,MEDIUM_PLANNED,393
TMS-DEF-0199,ENGINEERING_CIVIL,TMS,TLM,Tirusulam,21.36,RAIL_CORRUGATION_WEAR,14.0,21,3.0,4,45.4,MEDIUM_PLANNED,43.9,MEDIUM_PLANNED,394
TDMS-DEF-0030,ELECTRICAL_TRD,TDMS,GDY,Guindy,15.54,CONTACT_WIRE_CONDEMNING_WEAR,9.6,2,3.0,8,40.7,MEDIUM_PLANNED,43.8,MEDIUM_PLANNED,395
TDMS-DEF-0009,ELECTRICAL_TRD,TDMS,MPK,Chennai Park,3.42,CANTILEVER_BRACKET_MISALIGN,6.3,14,2.0,6,42.1,MEDIUM_PLANNED,43.8,MEDIUM_PLANNED,396
TMS-DEF-0212,ENGINEERING_CIVIL,TMS,STM,St. Thomas Mount,16.47,BALLAST_DEFICIENCY,4.4,11,4.5,6,44.3,MEDIUM_PLANNED,43.7,MEDIUM_PLANNED,397
TDMS-DEF-0104,ELECTRICAL_TRD,TDMS,VDR,Vandalur,34.35,SECTION_INSULATOR_PITTING,4.4,13,2.5,7,42.2,MEDIUM_PLANNED,43.6,MEDIUM_PLANNED,398
TDMS-DEF-0027,ELECTRICAL_TRD,TDMS,GI,Guduvancheri,40.19,INSULATOR_FLASHOVER_RISK,17.7,1,2.5,6,43.9,MEDIUM_PLANNED,43.6,MEDIUM_PLANNED,399
SMMS-DEF-0131,S_AND_T,SMMS,PZA,Pazhavanthangal,18.77,TRACK_CIRCUIT_INSULATION_FAIL,5.9,1,2.0,7,45.3,MEDIUM_PLANNED,43.5,MEDIUM_PLANNED,400
SMMS-DEF-0039,S_AND_T,SMMS,GDY,Guindy,14.66,CABLE_INSULATION_DROP,6.0,6,3.0,6,45.7,MEDIUM_PLANNED,43.4,MEDIUM_PLANNED,401
TDMS-DEF-0167,ELECTRICAL_TRD,TDMS,PRGL,Perungalathur,33.04,INSULATOR_FLASHOVER_RISK,7.0,17,2.5,6,41.2,MEDIUM_PLANNED,43.3,MEDIUM_PLANNED,402
TMS-DEF-0108,ENGINEERING_CIVIL,TMS,MS,Chennai Egmore,4.84,TURNOUT_STOCK_RAIL_WEAR,1.6,14,3.5,6,43.5,MEDIUM_PLANNED,43.2,MEDIUM_PLANNED,403
TDMS-DEF-0039,ELECTRICAL_TRD,TDMS,MSB,Chennai Beach,0.1,CONTACT_WIRE_CONDEMNING_WEAR,3.2,1,3.0,8,42.5,MEDIUM_PLANNED,43.1,MEDIUM_PLANNED,404
SMMS-DEF-0088,S_AND_T,SMMS,GI,Guduvancheri,40.62,TRACK_CIRCUIT_INSULATION_FAIL,9.1,1,2.0,7,45.4,MEDIUM_PLANNED,43.1,MEDIUM_PLANNED,405
SMMS-DEF-0144,S_AND_T,SMMS,TLM,Tirusulam,21.21,POINT_MACHINE_MOTOR_SLUGGISH,10.8,4,2.0,7,39.7,MEDIUM_PLANNED,42.9,MEDIUM_PLANNED,406
SMMS-DEF-0159,S_AND_T,SMMS,SP,Saidapet,12.68,SIGNAL_ASPECT_LED_DEGRADATION,9.4,0,1.0,7,43.9,MEDIUM_PLANNED,42.9,MEDIUM_PLANNED,407
TMS-DEF-0095,ENGINEERING_CIVIL,TMS,STM,St. Thomas Mount,17.68,BALLAST_DEFICIENCY,14.2,14,4.5,5,42.2,MEDIUM_PLANNED,42.9,MEDIUM_PLANNED,408
SMMS-DEF-0190,S_AND_T,SMMS,GDY,Guindy,15.29,ROUTINE_POINT_CLEANING_GREASING,13.5,22,1.0,4,42.8,MEDIUM_PLANNED,42.9,MEDIUM_PLANNED,409
SMMS-DEF-0215,S_AND_T,SMMS,MBM,Mambalam,11.04,TRACK_CIRCUIT_INSULATION_FAIL,4.5,0,2.0,7,46.2,MEDIUM_PLANNED,42.8,MEDIUM_PLANNED,410
SMMS-DEF-0029,S_AND_T,SMMS,MBM,Mambalam,11.09,SIGNAL_ASPECT_LED_DEGRADATION,13.8,5,1.0,6,43.8,MEDIUM_PLANNED,42.7,MEDIUM_PLANNED,411
TMS-DEF-0259,ENGINEERING_CIVIL,TMS,PZA,Pazhavanthangal,18.16,TRACK_GEOMETRY_BAD_TGI,7.2,8,4.0,6,44.0,MEDIUM_PLANNED,42.6,MEDIUM_PLANNED,412
TDMS-DEF-0113,ELECTRICAL_TRD,TDMS,GDY,Guindy,14.79,OHE_HEIGHT_STAGGER_ROUTINE,17.2,9,1.5,4,43.2,MEDIUM_PLANNED,42.6,MEDIUM_PLANNED,413
TMS-DEF-0041,ENGINEERING_CIVIL,TMS,STM,St. Thomas Mount,16.7,TRACK_GEOMETRY_BAD_TGI,10.9,1,4.0,7,41.8,MEDIUM_PLANNED,42.5,MEDIUM_PLANNED,414
TMS-DEF-0213,ENGINEERING_CIVIL,TMS,MSC,Chetpet,6.29,SLEEPER_CRACK_FATIGUE,5.3,10,2.5,6,42.7,MEDIUM_PLANNED,42.5,MEDIUM_PLANNED,415
SMMS-DEF-0130,S_AND_T,SMMS,GDY,Guindy,15.01,POINT_MACHINE_MOTOR_SLUGGISH,10.8,1,2.0,7,46.6,MEDIUM_PLANNED,42.4,MEDIUM_PLANNED,416
TMS-DEF-0234,ENGINEERING_CIVIL,TMS,PZA,Pazhavanthangal,18.36,SLEEPER_CRACK_FATIGUE,12.7,6,2.5,6,41.5,MEDIUM_PLANNED,42.4,MEDIUM_PLANNED,417
TMS-DEF-0029,ENGINEERING_CIVIL,TMS,PRGL,Perungalathur,32.76,TURNOUT_STOCK_RAIL_WEAR,13.0,8,3.5,6,42.0,MEDIUM_PLANNED,42.3,MEDIUM_PLANNED,418
TDMS-DEF-0108,ELECTRICAL_TRD,TDMS,MBM,Mambalam,11.45,NEUTRAL_SECTION_MAINTENANCE,4.7,4,3.5,8,39.7,MEDIUM_PLANNED,42.2,MEDIUM_PLANNED,419
SMMS-DEF-0226,S_AND_T,SMMS,GI,Guduvancheri,40.29,TRACK_CIRCUIT_INSULATION_FAIL,1.3,6,2.0,6,44.1,MEDIUM_PLANNED,42.2,MEDIUM_PLANNED,420
TMS-DEF-0103,ENGINEERING_CIVIL,TMS,NBK,Nungambakkam,7.66,BALLAST_DEFICIENCY,11.7,3,4.5,6,43.2,MEDIUM_PLANNED,42.0,MEDIUM_PLANNED,421
TMS-DEF-0204,ENGINEERING_CIVIL,TMS,VDR,Vandalur,34.16,SLEEPER_CRACK_FATIGUE,2.8,22,2.5,5,40.9,MEDIUM_PLANNED,42.0,MEDIUM_PLANNED,422
TDMS-DEF-0172,ELECTRICAL_TRD,TDMS,POTI,Potheri,43.93,INSULATOR_FLASHOVER_RISK,10.0,1,2.5,7,40.2,MEDIUM_PLANNED,41.9,MEDIUM_PLANNED,423
TDMS-DEF-0175,ELECTRICAL_TRD,TDMS,VDR,Vandalur,34.94,CANTILEVER_BRACKET_MISALIGN,6.1,8,2.0,6,34.1,ROUTINE_CYCLE,41.9,MEDIUM_PLANNED,424
SMMS-DEF-0145,S_AND_T,SMMS,TBMS,Tambaram Sanatorium,27.27,CABLE_INSULATION_DROP,14.6,16,3.0,5,40.7,MEDIUM_PLANNED,41.9,MEDIUM_PLANNED,425
TMS-DEF-0137,ENGINEERING_CIVIL,TMS,MSC,Chetpet,6.55,TRACK_GEOMETRY_BAD_TGI,8.3,7,4.0,6,41.7,MEDIUM_PLANNED,41.8,MEDIUM_PLANNED,426
TMS-DEF-0040,ENGINEERING_CIVIL,TMS,GI,Guduvancheri,40.54,SLEEPER_CRACK_FATIGUE,15.0,5,2.5,6,41.0,MEDIUM_PLANNED,41.6,MEDIUM_PLANNED,427
TMS-DEF-0105,ENGINEERING_CIVIL,TMS,MSB,Chennai Beach,0.33,BALLAST_DEFICIENCY,1.2,23,4.5,5,40.7,MEDIUM_PLANNED,41.5,MEDIUM_PLANNED,428
TMS-DEF-0300,ENGINEERING_CIVIL,TMS,MMNK,Maraimalai Nagar,47.7,IMR_ULTRASONIC_FLAW,0.6,0,3.0,8,42.8,MEDIUM_PLANNED,41.4,MEDIUM_PLANNED,429
TMS-DEF-0013,ENGINEERING_CIVIL,TMS,STM,St. Thomas Mount,16.66,RAIL_CORRUGATION_WEAR,14.2,17,3.0,4,42.0,MEDIUM_PLANNED,41.3,MEDIUM_PLANNED,430
TDMS-DEF-0054,ELECTRICAL_TRD,TDMS,MPK,Chennai Park,3.43,CATENARY_DROPPER_FATIGUE,6.8,0,2.0,7,41.3,MEDIUM_PLANNED,41.2,MEDIUM_PLANNED,431
TMS-DEF-0043,ENGINEERING_CIVIL,TMS,MPK,Chennai Park,3.13,TRACK_GEOMETRY_BAD_TGI,15.0,0,4.0,6,42.1,MEDIUM_PLANNED,41.2,MEDIUM_PLANNED,432
TMS-DEF-0268,ENGINEERING_CIVIL,TMS,STM,St. Thomas Mount,17.49,RAIL_CORRUGATION_WEAR,2.5,12,3.0,6,40.8,MEDIUM_PLANNED,41.2,MEDIUM_PLANNED,433
TDMS-DEF-0170,ELECTRICAL_TRD,TDMS,SKL,Singaperumal Koil,51.27,CANTILEVER_BRACKET_MISALIGN,0.9,13,2.0,6,40.9,MEDIUM_PLANNED,41.2,MEDIUM_PLANNED,434
TDMS-DEF-0070,ELECTRICAL_TRD,TDMS,MMNK,Maraimalai Nagar,46.37,OHE_HEIGHT_STAGGER_ROUTINE,11.6,13,1.5,4,42.6,MEDIUM_PLANNED,41.1,MEDIUM_PLANNED,435
TDMS-DEF-0173,ELECTRICAL_TRD,TDMS,SP,Saidapet,13.41,CATENARY_DROPPER_FATIGUE,9.8,0,2.0,7,41.6,MEDIUM_PLANNED,41.0,MEDIUM_PLANNED,436
TMS-DEF-0042,ENGINEERING_CIVIL,TMS,SKL,Singaperumal Koil,52.18,TURNOUT_STOCK_RAIL_WEAR,10.1,6,3.5,6,41.7,MEDIUM_PLANNED,40.8,MEDIUM_PLANNED,437
TMS-DEF-0282,ENGINEERING_CIVIL,TMS,MSB,Chennai Beach,0.1,RAIL_CORRUGATION_WEAR,9.5,4,3.0,6,41.6,MEDIUM_PLANNED,40.8,MEDIUM_PLANNED,438
TDMS-DEF-0067,ELECTRICAL_TRD,TDMS,TLM,Tirusulam,20.91,INSULATOR_FLASHOVER_RISK,12.4,0,2.5,7,40.6,MEDIUM_PLANNED,40.7,MEDIUM_PLANNED,439
TMS-DEF-0088,ENGINEERING_CIVIL,TMS,GDY,Guindy,14.38,BALLAST_DEFICIENCY,9.4,10,4.5,5,41.5,MEDIUM_PLANNED,40.7,MEDIUM_PLANNED,440
TDMS-DEF-0188,ELECTRICAL_TRD,TDMS,STM,St. Thomas Mount,17.27,ROUTINE_MAST_BONDING_CHECK,13.9,16,1.0,3,42.6,MEDIUM_PLANNED,40.7,MEDIUM_PLANNED,441
TDMS-DEF-0021,ELECTRICAL_TRD,TDMS,CMP,Chromepet,24.66,OHE_HEIGHT_STAGGER_ROUTINE,16.9,7,1.5,4,41.0,MEDIUM_PLANNED,40.6,MEDIUM_PLANNED,442
TMS-DEF-0129,ENGINEERING_CIVIL,TMS,MPK,Chennai Park,2.63,TURNOUT_STOCK_RAIL_WEAR,15.2,0,3.5,6,40.6,MEDIUM_PLANNED,40.5,MEDIUM_PLANNED,443
TDMS-DEF-0156,ELECTRICAL_TRD,TDMS,VDR,Vandalur,34.37,INSULATOR_ROUTINE_CLEANING,3.8,46,1.5,2,39.0,MEDIUM_PLANNED,40.4,MEDIUM_PLANNED,444
TMS-DEF-0154,ENGINEERING_CIVIL,TMS,MPK,Chennai Park,3.73,RAIL_CORRUGATION_WEAR,3.2,6,3.0,6,35.3,MEDIUM_PLANNED,40.3,MEDIUM_PLANNED,445
TMS-DEF-0102,ENGINEERING_CIVIL,TMS,MBM,Mambalam,10.68,SLEEPER_CRACK_FATIGUE,2.4,10,2.5,6,40.4,MEDIUM_PLANNED,40.2,MEDIUM_PLANNED,446
TMS-DEF-0085,ENGINEERING_CIVIL,TMS,MSF,Chennai Fort,2.21,WELD_COLLAR_FATIGUE,13.5,3,2.5,6,41.7,MEDIUM_PLANNED,40.1,MEDIUM_PLANNED,447
SMMS-DEF-0046,S_AND_T,SMMS,CGL,Chengalpattu Junction,59.7,SIGNAL_ASPECT_LED_DEGRADATION,13.8,9,1.0,5,41.5,MEDIUM_PLANNED,40.0,MEDIUM_PLANNED,448
TMS-DEF-0168,ENGINEERING_CIVIL,TMS,MKK,Kodambakkam,9.82,SLEEPER_CRACK_FATIGUE,12.5,2,2.5,6,41.6,MEDIUM_PLANNED,39.9,MEDIUM_PLANNED,449
TMS-DEF-0178,ENGINEERING_CIVIL,TMS,PV,Pallavaram,23.77,SLEEPER_CRACK_FATIGUE,13.3,4,2.5,6,40.8,MEDIUM_PLANNED,39.9,MEDIUM_PLANNED,450
TMS-DEF-0156,ENGINEERING_CIVIL,TMS,MMNK,Maraimalai Nagar,47.55,TURNOUT_STOCK_RAIL_WEAR,15.4,2,3.5,6,38.7,MEDIUM_PLANNED,39.7,MEDIUM_PLANNED,451
TMS-DEF-0272,ENGINEERING_CIVIL,TMS,GDY,Guindy,15.01,RAIL_CORRUGATION_WEAR,8.3,16,3.0,4,40.5,MEDIUM_PLANNED,39.6,MEDIUM_PLANNED,452
TMS-DEF-0044,ENGINEERING_CIVIL,TMS,PZA,Pazhavanthangal,18.41,ROUTINE_FISHPLATE_GREASING,11.4,24,1.5,3,40.3,MEDIUM_PLANNED,39.5,MEDIUM_PLANNED,453
TMS-DEF-0198,ENGINEERING_CIVIL,TMS,STM,St. Thomas Mount,16.59,SLEEPER_CRACK_FATIGUE,1.9,22,2.5,4,40.7,MEDIUM_PLANNED,39.3,MEDIUM_PLANNED,454
TDMS-DEF-0050,ELECTRICAL_TRD,TDMS,MKK,Kodambakkam,9.73,CATENARY_DROPPER_FATIGUE,13.6,0,2.0,7,38.1,MEDIUM_PLANNED,39.1,MEDIUM_PLANNED,455
TMS-DEF-0290,ENGINEERING_CIVIL,TMS,TBM,Tambaram,28.82,BALLAST_DEFICIENCY,11.4,8,4.5,5,39.6,MEDIUM_PLANNED,39.0,MEDIUM_PLANNED,456
TMS-DEF-0082,ENGINEERING_CIVIL,TMS,TLM,Tirusulam,20.64,TRACK_GEOMETRY_BAD_TGI,1.3,9,4.0,6,38.1,MEDIUM_PLANNED,38.9,MEDIUM_PLANNED,457
TDMS-DEF-0088,ELECTRICAL_TRD,TDMS,CMP,Chromepet,25.86,CANTILEVER_BRACKET_MISALIGN,15.0,2,2.0,6,42.7,MEDIUM_PLANNED,38.8,MEDIUM_PLANNED,458
TMS-DEF-0186,ENGINEERING_CIVIL,TMS,POTI,Potheri,43.57,BALLAST_DEFICIENCY,11.4,10,4.5,5,38.4,MEDIUM_PLANNED,38.7,MEDIUM_PLANNED,459
TMS-DEF-0296,ENGINEERING_CIVIL,TMS,POTI,Potheri,43.9,TRACK_GEOMETRY_BAD_TGI,0.6,7,4.0,6,37.5,MEDIUM_PLANNED,38.5,MEDIUM_PLANNED,460
TDMS-DEF-0218,ELECTRICAL_TRD,TDMS,CGL,Chengalpattu Junction,59.23,ROUTINE_MAST_BONDING_CHECK,16.1,20,1.0,2,39.4,MEDIUM_PLANNED,38.5,MEDIUM_PLANNED,461
TMS-DEF-0146,ENGINEERING_CIVIL,TMS,MSC,Chetpet,6.13,TURNOUT_STOCK_RAIL_WEAR,4.5,0,3.5,7,35.9,MEDIUM_PLANNED,38.4,MEDIUM_PLANNED,462
SMMS-DEF-0030,S_AND_T,SMMS,MSC,Chetpet,6.45,TRACK_CIRCUIT_INSULATION_FAIL,5.3,2,2.0,7,35.7,MEDIUM_PLANNED,38.4,MEDIUM_PLANNED,463
TDMS-DEF-0074,ELECTRICAL_TRD,TDMS,CGL,Chengalpattu Junction,59.7,INSULATOR_FLASHOVER_RISK,13.8,6,2.5,6,37.1,MEDIUM_PLANNED,38.4,MEDIUM_PLANNED,464
TMS-DEF-0141,ENGINEERING_CIVIL,TMS,MSF,Chennai Fort,1.99,RAIL_FLANGE_LUBRICATION,11.1,32,1.0,2,38.5,MEDIUM_PLANNED,38.4,MEDIUM_PLANNED,465
SMMS-DEF-0071,S_AND_T,SMMS,MKK,Kodambakkam,9.62,TRACK_CIRCUIT_INSULATION_FAIL,1.5,1,2.0,7,45.1,MEDIUM_PLANNED,38.3,MEDIUM_PLANNED,466
SMMS-DEF-0110,S_AND_T,SMMS,GDY,Guindy,15.01,POINT_MACHINE_MOTOR_SLUGGISH,0.5,0,2.0,7,45.6,MEDIUM_PLANNED,38.3,MEDIUM_PLANNED,467
TMS-DEF-0136,ENGINEERING_CIVIL,TMS,MSF,Chennai Fort,1.51,RAIL_CORRUGATION_WEAR,6.5,3,3.0,6,38.5,MEDIUM_PLANNED,38.3,MEDIUM_PLANNED,468
TMS-DEF-0169,ENGINEERING_CIVIL,TMS,MSB,Chennai Beach,0.1,TRACK_GEOMETRY_BAD_TGI,8.9,0,4.0,6,38.5,MEDIUM_PLANNED,38.3,MEDIUM_PLANNED,469
TDMS-DEF-0084,ELECTRICAL_TRD,TDMS,CMP,Chromepet,25.6,CANTILEVER_BRACKET_MISALIGN,10.8,7,2.0,5,40.3,MEDIUM_PLANNED,38.1,MEDIUM_PLANNED,470
TDMS-DEF-0155,ELECTRICAL_TRD,TDMS,TLM,Tirusulam,20.78,INSULATOR_FLASHOVER_RISK,2.9,0,2.5,7,33.0,ROUTINE_CYCLE,37.9,MEDIUM_PLANNED,471
TDMS-DEF-0163,ELECTRICAL_TRD,TDMS,MMNK,Maraimalai Nagar,47.34,CANTILEVER_BRACKET_MISALIGN,8.8,6,2.0,5,39.4,MEDIUM_PLANNED,37.9,MEDIUM_PLANNED,472
TMS-DEF-0081,ENGINEERING_CIVIL,TMS,TBM,Tambaram,28.38,BALLAST_PACKING_ROUTINE,9.2,19,2.0,4,36.7,MEDIUM_PLANNED,37.9,MEDIUM_PLANNED,473
TMS-DEF-0184,ENGINEERING_CIVIL,TMS,TBM,Tambaram,28.93,BALLAST_PACKING_ROUTINE,4.0,20,2.0,4,37.5,MEDIUM_PLANNED,37.8,MEDIUM_PLANNED,474
SMMS-DEF-0078,S_AND_T,SMMS,TBMS,Tambaram Sanatorium,27.01,POINT_MACHINE_MOTOR_SLUGGISH,2.0,0,2.0,7,37.9,MEDIUM_PLANNED,37.6,MEDIUM_PLANNED,475
SMMS-DEF-0111,S_AND_T,SMMS,MSC,Chetpet,6.94,TRACK_CIRCUIT_INSULATION_FAIL,13.2,3,2.0,6,46.8,MEDIUM_PLANNED,37.6,MEDIUM_PLANNED,476
TMS-DEF-0187,ENGINEERING_CIVIL,TMS,PZA,Pazhavanthangal,17.96,BALLAST_PACKING_ROUTINE,10.7,16,2.0,4,35.6,MEDIUM_PLANNED,37.6,MEDIUM_PLANNED,477
TDMS-DEF-0194,ELECTRICAL_TRD,TDMS,MMNK,Maraimalai Nagar,46.37,INSULATOR_ROUTINE_CLEANING,3.5,6,1.5,5,39.7,MEDIUM_PLANNED,37.5,MEDIUM_PLANNED,478
TMS-DEF-0059,ENGINEERING_CIVIL,TMS,MSF,Chennai Fort,1.17,SLEEPER_CRACK_FATIGUE,11.8,0,2.5,6,36.6,MEDIUM_PLANNED,37.3,MEDIUM_PLANNED,479
TMS-DEF-0246,ENGINEERING_CIVIL,TMS,GI,Guduvancheri,40.63,ROUTINE_FISHPLATE_GREASING,12.9,26,1.5,2,37.9,MEDIUM_PLANNED,37.3,MEDIUM_PLANNED,480
SMMS-DEF-0075,S_AND_T,SMMS,MS,Chennai Egmore,4.59,CABLE_INSULATION_DROP,9.9,0,3.0,7,35.4,MEDIUM_PLANNED,37.2,MEDIUM_PLANNED,481
TDMS-DEF-0014,ELECTRICAL_TRD,TDMS,STM,St. Thomas Mount,16.93,CANTILEVER_BRACKET_MISALIGN,15.3,0,2.0,6,36.8,MEDIUM_PLANNED,37.2,MEDIUM_PLANNED,482
TDMS-DEF-0219,ELECTRICAL_TRD,TDMS,TBM,Tambaram,29.77,INSULATOR_FLASHOVER_RISK,6.5,4,2.5,6,37.1,MEDIUM_PLANNED,37.2,MEDIUM_PLANNED,483
TMS-DEF-0083,ENGINEERING_CIVIL,TMS,PV,Pallavaram,22.87,BALLAST_DEFICIENCY,12.2,4,4.5,5,38.2,MEDIUM_PLANNED,37.2,MEDIUM_PLANNED,484
TMS-DEF-0233,ENGINEERING_CIVIL,TMS,TBMS,Tambaram Sanatorium,27.43,RAIL_CORRUGATION_WEAR,14.0,8,3.0,5,36.5,MEDIUM_PLANNED,37.2,MEDIUM_PLANNED,485
TDMS-DEF-0018,ELECTRICAL_TRD,TDMS,MS,Chennai Egmore,3.98,CANTILEVER_BRACKET_MISALIGN,2.6,5,2.0,5,39.1,MEDIUM_PLANNED,37.2,MEDIUM_PLANNED,486
SMMS-DEF-0217,S_AND_T,SMMS,VDR,Vandalur,34.55,TRACK_CIRCUIT_INSULATION_FAIL,2.1,4,2.0,7,35.8,MEDIUM_PLANNED,37.1,MEDIUM_PLANNED,487
TMS-DEF-0106,ENGINEERING_CIVIL,TMS,POTI,Potheri,44.65,TURNOUT_STOCK_RAIL_WEAR,2.1,2,3.5,7,36.1,MEDIUM_PLANNED,36.9,MEDIUM_PLANNED,488
TDMS-DEF-0029,ELECTRICAL_TRD,TDMS,PRGL,Perungalathur,33.26,ROUTINE_MAST_BONDING_CHECK,12.3,6,1.0,4,39.4,MEDIUM_PLANNED,36.9,MEDIUM_PLANNED,489
TMS-DEF-0027,ENGINEERING_CIVIL,TMS,MBM,Mambalam,10.5,WELD_COLLAR_FATIGUE,1.5,2,2.5,7,36.0,MEDIUM_PLANNED,36.8,MEDIUM_PLANNED,490
TDMS-DEF-0142,ELECTRICAL_TRD,TDMS,MMNK,Maraimalai Nagar,46.59,CATENARY_DROPPER_FATIGUE,4.2,5,2.0,6,37.0,MEDIUM_PLANNED,36.8,MEDIUM_PLANNED,491
TMS-DEF-0030,ENGINEERING_CIVIL,TMS,GI,Guduvancheri,40.3,RAIL_CORRUGATION_WEAR,7.7,0,3.0,6,37.4,MEDIUM_PLANNED,36.7,MEDIUM_PLANNED,492
TMS-DEF-0276,ENGINEERING_CIVIL,TMS,PZA,Pazhavanthangal,18.84,RAIL_CORRUGATION_WEAR,8.3,6,3.0,5,37.1,MEDIUM_PLANNED,36.7,MEDIUM_PLANNED,493
TMS-DEF-0057,ENGINEERING_CIVIL,TMS,SP,Saidapet,13.48,SLEEPER_CRACK_FATIGUE,10.4,0,2.5,6,36.5,MEDIUM_PLANNED,36.6,MEDIUM_PLANNED,494
TMS-DEF-0078,ENGINEERING_CIVIL,TMS,MSB,Chennai Beach,0.57,TURNOUT_STOCK_RAIL_WEAR,0.6,0,3.5,7,36.3,MEDIUM_PLANNED,36.5,MEDIUM_PLANNED,495
TMS-DEF-0099,ENGINEERING_CIVIL,TMS,CMP,Chromepet,25.58,TURNOUT_STOCK_RAIL_WEAR,12.8,0,3.5,6,35.6,MEDIUM_PLANNED,36.5,MEDIUM_PLANNED,496
TDMS-DEF-0117,ELECTRICAL_TRD,TDMS,TBMS,Tambaram Sanatorium,27.41,CANTILEVER_BRACKET_MISALIGN,5.5,2,2.0,6,35.4,MEDIUM_PLANNED,36.5,MEDIUM_PLANNED,497
TMS-DEF-0243,ENGINEERING_CIVIL,TMS,STM,St. Thomas Mount,16.48,RAIL_FLANGE_LUBRICATION,5.1,24,1.0,3,36.0,MEDIUM_PLANNED,36.5,MEDIUM_PLANNED,498
TMS-DEF-0032,ENGINEERING_CIVIL,TMS,MBM,Mambalam,10.8,TRACK_GEOMETRY_BAD_TGI,7.0,1,4.0,6,34.7,ROUTINE_CYCLE,36.4,MEDIUM_PLANNED,499
TMS-DEF-0131,ENGINEERING_CIVIL,TMS,CMP,Chromepet,24.94,RAIL_CORRUGATION_WEAR,3.5,5,3.0,6,37.9,MEDIUM_PLANNED,36.4,MEDIUM_PLANNED,500
TMS-DEF-0231,ENGINEERING_CIVIL,TMS,TBMS,Tambaram Sanatorium,27.48,BALLAST_DEFICIENCY,7.2,15,4.5,4,36.9,MEDIUM_PLANNED,36.3,MEDIUM_PLANNED,501
TDMS-DEF-0025,ELECTRICAL_TRD,TDMS,VDR,Vandalur,34.72,OHE_HEIGHT_STAGGER_ROUTINE,5.7,19,1.5,3,37.6,MEDIUM_PLANNED,36.2,MEDIUM_PLANNED,502
TMS-DEF-0260,ENGINEERING_CIVIL,TMS,MS,Chennai Egmore,4.35,TRACK_GEOMETRY_BAD_TGI,3.0,1,4.0,6,37.2,MEDIUM_PLANNED,36.1,MEDIUM_PLANNED,503
TMS-DEF-0091,ENGINEERING_CIVIL,TMS,CGL,Chengalpattu Junction,59.11,RAIL_CORRUGATION_WEAR,10.8,1,3.0,6,35.2,MEDIUM_PLANNED,35.8,MEDIUM_PLANNED,504
SMMS-DEF-0228,S_AND_T,SMMS,CMP,Chromepet,25.18,SIGNAL_ASPECT_LED_DEGRADATION,9.7,3,1.0,6,32.1,ROUTINE_CYCLE,35.8,ROUTINE_CYCLE,505
TDMS-DEF-0064,ELECTRICAL_TRD,TDMS,MS,Chennai Egmore,4.02,CANTILEVER_BRACKET_MISALIGN,6.1,0,2.0,6,35.1,MEDIUM_PLANNED,35.5,MEDIUM_PLANNED,506
TMS-DEF-0073,ENGINEERING_CIVIL,TMS,MMNK,Maraimalai Nagar,47.54,BALLAST_DEFICIENCY,12.2,0,4.5,5,35.4,MEDIUM_PLANNED,35.5,MEDIUM_PLANNED,507
TMS-DEF-0240,ENGINEERING_CIVIL,TMS,STM,St. Thomas Mount,16.76,RAIL_CORRUGATION_WEAR,14.3,1,3.0,5,36.5,MEDIUM_PLANNED,35.4,MEDIUM_PLANNED,508
TMS-DEF-0075,ENGINEERING_CIVIL,TMS,GDY,Guindy,14.59,SLEEPER_CRACK_FATIGUE,14.3,12,2.5,4,34.7,ROUTINE_CYCLE,35.4,ROUTINE_CYCLE,509
TDMS-DEF-0162,ELECTRICAL_TRD,TDMS,MBM,Mambalam,11.13,CANTILEVER_BRACKET_MISALIGN,13.4,9,2.0,5,32.2,ROUTINE_CYCLE,35.3,ROUTINE_CYCLE,510
TMS-DEF-0160,ENGINEERING_CIVIL,TMS,MBM,Mambalam,11.53,BALLAST_DEFICIENCY,10.6,13,4.5,4,33.8,ROUTINE_CYCLE,35.3,ROUTINE_CYCLE,511
TMS-DEF-0266,ENGINEERING_CIVIL,TMS,MBM,Mambalam,11.78,BALLAST_DEFICIENCY,7.5,13,4.5,4,36.1,MEDIUM_PLANNED,35.3,MEDIUM_PLANNED,512
TMS-DEF-0069,ENGINEERING_CIVIL,TMS,UPM,Urapakkam,37.62,RAIL_CORRUGATION_WEAR,8.2,0,3.0,6,34.4,ROUTINE_CYCLE,35.2,ROUTINE_CYCLE,513
TMS-DEF-0079,ENGINEERING_CIVIL,TMS,TLM,Tirusulam,21.28,TURNOUT_STOCK_RAIL_WEAR,3.9,4,3.5,6,36.3,MEDIUM_PLANNED,35.2,MEDIUM_PLANNED,514
SMMS-DEF-0246,S_AND_T,SMMS,PV,Pallavaram,23.64,TRACK_CIRCUIT_INSULATION_FAIL,7.2,4,2.0,6,33.4,ROUTINE_CYCLE,35.2,ROUTINE_CYCLE,515
TDMS-DEF-0209,ELECTRICAL_TRD,TDMS,MMNK,Maraimalai Nagar,47.01,OHE_HEIGHT_STAGGER_ROUTINE,9.7,22,1.5,3,33.7,ROUTINE_CYCLE,34.9,ROUTINE_CYCLE,516
TMS-DEF-0022,ENGINEERING_CIVIL,TMS,PZA,Pazhavanthangal,19.36,WELD_COLLAR_FATIGUE,1.4,1,2.5,6,36.0,MEDIUM_PLANNED,34.8,MEDIUM_PLANNED,517
TMS-DEF-0046,ENGINEERING_CIVIL,TMS,MS,Chennai Egmore,4.94,BALLAST_DEFICIENCY,4.9,10,4.5,5,34.5,ROUTINE_CYCLE,34.8,ROUTINE_CYCLE,518
TMS-DEF-0090,ENGINEERING_CIVIL,TMS,POTI,Potheri,44.38,BALLAST_PACKING_ROUTINE,13.0,6,2.0,4,34.7,ROUTINE_CYCLE,34.8,ROUTINE_CYCLE,519
TDMS-DEF-0199,ELECTRICAL_TRD,TDMS,MSC,Chetpet,5.93,INSULATOR_ROUTINE_CLEANING,13.7,23,1.5,2,36.4,MEDIUM_PLANNED,34.8,MEDIUM_PLANNED,520
SMMS-DEF-0061,S_AND_T,SMMS,MS,Chennai Egmore,3.85,CABLE_INSULATION_DROP,1.8,4,3.0,6,38.8,MEDIUM_PLANNED,34.7,MEDIUM_PLANNED,521
TMS-DEF-0216,ENGINEERING_CIVIL,TMS,PZA,Pazhavanthangal,18.44,SLEEPER_CRACK_FATIGUE,15.2,2,2.5,4,30.9,ROUTINE_CYCLE,34.6,ROUTINE_CYCLE,522
TDMS-DEF-0069,ELECTRICAL_TRD,TDMS,MPK,Chennai Park,3.55,OHE_HEIGHT_STAGGER_ROUTINE,3.9,16,1.5,3,35.3,MEDIUM_PLANNED,34.6,MEDIUM_PLANNED,523
TDMS-DEF-0095,ELECTRICAL_TRD,TDMS,CGL,Chengalpattu Junction,59.7,CATENARY_DROPPER_FATIGUE,7.9,1,2.0,6,33.2,ROUTINE_CYCLE,34.5,ROUTINE_CYCLE,524
SMMS-DEF-0139,S_AND_T,SMMS,SKL,Singaperumal Koil,51.82,CABLE_INSULATION_DROP,8.5,12,3.0,5,33.9,ROUTINE_CYCLE,34.4,ROUTINE_CYCLE,525
TMS-DEF-0037,ENGINEERING_CIVIL,TMS,MKK,Kodambakkam,10.43,SLEEPER_CRACK_FATIGUE,1.4,3,2.5,6,35.4,MEDIUM_PLANNED,34.3,MEDIUM_PLANNED,526
TMS-DEF-0214,ENGINEERING_CIVIL,TMS,MN,Meenambakkam,19.45,BALLAST_DEFICIENCY,9.2,2,4.5,5,34.0,ROUTINE_CYCLE,34.3,ROUTINE_CYCLE,527
TMS-DEF-0097,ENGINEERING_CIVIL,TMS,CMP,Chromepet,24.89,SLEEPER_CRACK_FATIGUE,4.8,7,2.5,5,35.0,MEDIUM_PLANNED,34.2,ROUTINE_CYCLE,528
TDMS-DEF-0099,ELECTRICAL_TRD,TDMS,TLM,Tirusulam,21.31,ROUTINE_MAST_BONDING_CHECK,13.7,15,1.0,3,33.1,ROUTINE_CYCLE,34.2,ROUTINE_CYCLE,529
TMS-DEF-0060,ENGINEERING_CIVIL,TMS,TBMS,Tambaram Sanatorium,26.75,BALLAST_DEFICIENCY,1.2,3,4.5,6,34.3,ROUTINE_CYCLE,34.1,ROUTINE_CYCLE,530
SMMS-DEF-0137,S_AND_T,SMMS,STM,St. Thomas Mount,16.87,CABLE_INSULATION_DROP,12.5,0,3.0,5,34.5,ROUTINE_CYCLE,34.1,ROUTINE_CYCLE,531
TDMS-DEF-0114,ELECTRICAL_TRD,TDMS,POTI,Potheri,43.86,INSULATOR_ROUTINE_CLEANING,14.0,2,1.5,4,35.0,MEDIUM_PLANNED,34.1,MEDIUM_PLANNED,532
SMMS-DEF-0150,S_AND_T,SMMS,SKL,Singaperumal Koil,51.19,TRACK_CIRCUIT_INSULATION_FAIL,4.3,0,2.0,6,29.3,ROUTINE_CYCLE,33.9,ROUTINE_CYCLE,533
TMS-DEF-0174,ENGINEERING_CIVIL,TMS,MSF,Chennai Fort,2.6,RAIL_CORRUGATION_WEAR,11.1,2,3.0,5,33.9,ROUTINE_CYCLE,33.9,ROUTINE_CYCLE,534
TDMS-DEF-0116,ELECTRICAL_TRD,TDMS,UPM,Urapakkam,37.9,CANTILEVER_BRACKET_MISALIGN,14.5,1,2.0,5,33.5,ROUTINE_CYCLE,33.8,ROUTINE_CYCLE,535
TMS-DEF-0218,ENGINEERING_CIVIL,TMS,STM,St. Thomas Mount,17.72,BALLAST_PACKING_ROUTINE,6.3,13,2.0,4,32.0,ROUTINE_CYCLE,33.8,ROUTINE_CYCLE,536
TDMS-DEF-0165,ELECTRICAL_TRD,TDMS,MKK,Kodambakkam,9.48,CANTILEVER_BRACKET_MISALIGN,17.5,4,2.0,5,33.9,ROUTINE_CYCLE,33.6,ROUTINE_CYCLE,537
TMS-DEF-0148,ENGINEERING_CIVIL,TMS,TLM,Tirusulam,21.52,BALLAST_DEFICIENCY,3.6,6,4.5,5,32.2,ROUTINE_CYCLE,33.5,ROUTINE_CYCLE,538
TDMS-DEF-0062,ELECTRICAL_TRD,TDMS,MSF,Chennai Fort,2.29,OHE_HEIGHT_STAGGER_ROUTINE,1.8,16,1.5,3,33.4,ROUTINE_CYCLE,33.3,ROUTINE_CYCLE,539
TMS-DEF-0038,ENGINEERING_CIVIL,TMS,TBMS,Tambaram Sanatorium,26.81,TRACK_GEOMETRY_BAD_TGI,1.6,1,4.0,6,30.6,ROUTINE_CYCLE,33.2,ROUTINE_CYCLE,540
TMS-DEF-0072,ENGINEERING_CIVIL,TMS,VDR,Vandalur,34.94,RAIL_CORRUGATION_WEAR,13.4,2,3.0,4,30.4,ROUTINE_CYCLE,33.2,ROUTINE_CYCLE,541
TMS-DEF-0208,ENGINEERING_CIVIL,TMS,MSF,Chennai Fort,1.72,SLEEPER_CRACK_FATIGUE,9.9,10,2.5,4,34.0,ROUTINE_CYCLE,33.2,ROUTINE_CYCLE,542
SMMS-DEF-0009,S_AND_T,SMMS,MBM,Mambalam,11.75,ROUTINE_POINT_CLEANING_GREASING,7.1,15,1.0,2,35.7,MEDIUM_PLANNED,33.2,MEDIUM_PLANNED,543
TMS-DEF-0153,ENGINEERING_CIVIL,TMS,UPM,Urapakkam,37.73,TURNOUT_STOCK_RAIL_WEAR,1.0,1,3.5,6,32.3,ROUTINE_CYCLE,33.1,ROUTINE_CYCLE,544
TMS-DEF-0237,ENGINEERING_CIVIL,TMS,CGL,Chengalpattu Junction,59.26,TURNOUT_STOCK_RAIL_WEAR,1.1,3,3.5,6,32.6,ROUTINE_CYCLE,33.1,ROUTINE_CYCLE,545
TDMS-DEF-0202,ELECTRICAL_TRD,TDMS,MSC,Chetpet,6.93,OHE_HEIGHT_STAGGER_ROUTINE,4.0,28,1.5,2,32.9,ROUTINE_CYCLE,33.1,ROUTINE_CYCLE,546
TMS-DEF-0084,ENGINEERING_CIVIL,TMS,MPK,Chennai Park,3.02,SLEEPER_CRACK_FATIGUE,4.0,0,2.5,6,31.1,ROUTINE_CYCLE,33.0,ROUTINE_CYCLE,547
TMS-DEF-0134,ENGINEERING_CIVIL,TMS,PV,Pallavaram,23.21,SLEEPER_CRACK_FATIGUE,9.1,4,2.5,5,34.6,ROUTINE_CYCLE,33.0,ROUTINE_CYCLE,548
TMS-DEF-0124,ENGINEERING_CIVIL,TMS,MSF,Chennai Fort,1.73,BALLAST_DEFICIENCY,5.5,1,4.5,5,33.6,ROUTINE_CYCLE,32.9,ROUTINE_CYCLE,549
TMS-DEF-0183,ENGINEERING_CIVIL,TMS,PRGL,Perungalathur,32.65,RAIL_FLANGE_LUBRICATION,8.0,25,1.0,2,35.9,MEDIUM_PLANNED,32.9,ROUTINE_CYCLE,550
TMS-DEF-0058,ENGINEERING_CIVIL,TMS,STM,St. Thomas Mount,17.82,BALLAST_DEFICIENCY,3.3,2,4.5,5,33.2,ROUTINE_CYCLE,32.7,ROUTINE_CYCLE,551
TMS-DEF-0062,ENGINEERING_CIVIL,TMS,STM,St. Thomas Mount,17.32,BALLAST_DEFICIENCY,8.4,3,4.5,5,34.4,ROUTINE_CYCLE,32.7,ROUTINE_CYCLE,552
SMMS-DEF-0063,S_AND_T,SMMS,NBK,Nungambakkam,8.34,SIGNAL_ASPECT_LED_DEGRADATION,4.4,6,1.0,5,31.4,ROUTINE_CYCLE,32.7,ROUTINE_CYCLE,553
SMMS-DEF-0210,S_AND_T,SMMS,SP,Saidapet,12.77,ROUTINE_POINT_CLEANING_GREASING,6.3,12,1.0,3,36.9,MEDIUM_PLANNED,32.7,MEDIUM_PLANNED,554
TMS-DEF-0068,ENGINEERING_CIVIL,TMS,MSB,Chennai Beach,0.1,BALLAST_PACKING_ROUTINE,13.7,16,2.0,3,32.1,ROUTINE_CYCLE,32.6,ROUTINE_CYCLE,555
TMS-DEF-0132,ENGINEERING_CIVIL,TMS,MSC,Chetpet,7.14,RAIL_CORRUGATION_WEAR,5.8,2,3.0,5,33.3,ROUTINE_CYCLE,32.5,ROUTINE_CYCLE,556
TDMS-DEF-0071,ELECTRICAL_TRD,TDMS,SKL,Singaperumal Koil,51.61,OHE_HEIGHT_STAGGER_ROUTINE,5.1,2,1.5,4,33.7,ROUTINE_CYCLE,32.5,ROUTINE_CYCLE,557
TDMS-DEF-0089,ELECTRICAL_TRD,TDMS,SKL,Singaperumal Koil,51.03,OHE_HEIGHT_STAGGER_ROUTINE,5.1,3,1.5,4,31.5,ROUTINE_CYCLE,32.5,ROUTINE_CYCLE,558
TDMS-DEF-0094,ELECTRICAL_TRD,TDMS,POTI,Potheri,43.98,INSULATOR_ROUTINE_CLEANING,14.3,3,1.5,4,29.3,ROUTINE_CYCLE,32.5,ROUTINE_CYCLE,559
TMS-DEF-0018,ENGINEERING_CIVIL,TMS,SKL,Singaperumal Koil,51.11,SLEEPER_CRACK_FATIGUE,2.2,7,2.5,5,32.6,ROUTINE_CYCLE,32.4,ROUTINE_CYCLE,560
TDMS-DEF-0034,ELECTRICAL_TRD,TDMS,POTI,Potheri,44.17,ROUTINE_MAST_BONDING_CHECK,7.8,3,1.0,4,33.7,ROUTINE_CYCLE,32.4,ROUTINE_CYCLE,561
SMMS-DEF-0212,S_AND_T,SMMS,PZA,Pazhavanthangal,18.59,TRACK_CIRCUIT_INSULATION_FAIL,1.8,5,2.0,6,30.9,ROUTINE_CYCLE,32.3,ROUTINE_CYCLE,562
SMMS-DEF-0208,S_AND_T,SMMS,NBK,Nungambakkam,7.72,SIGNAL_BATTERY_WATERING,2.5,17,1.5,2,33.3,ROUTINE_CYCLE,32.3,ROUTINE_CYCLE,563
TDMS-DEF-0220,ELECTRICAL_TRD,TDMS,MPK,Chennai Park,3.39,ROUTINE_MAST_BONDING_CHECK,4.7,17,1.0,2,21.4,ROUTINE_CYCLE,32.3,ROUTINE_CYCLE,564
TMS-DEF-0196,ENGINEERING_CIVIL,TMS,MN,Meenambakkam,20.62,RAIL_CORRUGATION_WEAR,0.8,4,3.0,5,33.1,ROUTINE_CYCLE,32.2,ROUTINE_CYCLE,565
SMMS-DEF-0103,S_AND_T,SMMS,UPM,Urapakkam,37.13,SIGNAL_ASPECT_LED_DEGRADATION,2.6,7,1.0,5,32.3,ROUTINE_CYCLE,32.1,ROUTINE_CYCLE,566
SMMS-DEF-0138,S_AND_T,SMMS,MSF,Chennai Fort,1.48,SIGNAL_BATTERY_WATERING,14.3,17,1.5,3,31.1,ROUTINE_CYCLE,32.1,ROUTINE_CYCLE,567
TMS-DEF-0064,ENGINEERING_CIVIL,TMS,NBK,Nungambakkam,8.33,RAIL_CORRUGATION_WEAR,9.0,4,3.0,5,30.9,ROUTINE_CYCLE,32.0,ROUTINE_CYCLE,568
TMS-DEF-0244,ENGINEERING_CIVIL,TMS,TLM,Tirusulam,20.69,SLEEPER_CRACK_FATIGUE,7.4,4,2.5,5,35.0,MEDIUM_PLANNED,32.0,ROUTINE_CYCLE,569
TDMS-DEF-0049,ELECTRICAL_TRD,TDMS,MSB,Chennai Beach,0.18,CANTILEVER_BRACKET_MISALIGN,15.6,2,2.0,4,29.9,ROUTINE_CYCLE,31.8,ROUTINE_CYCLE,570
TDMS-DEF-0136,ELECTRICAL_TRD,TDMS,PRGL,Perungalathur,32.75,OHE_HEIGHT_STAGGER_ROUTINE,3.6,8,1.5,4,35.4,MEDIUM_PLANNED,31.8,MEDIUM_PLANNED,571
TDMS-DEF-0111,ELECTRICAL_TRD,TDMS,PRGL,Perungalathur,32.43,CANTILEVER_BRACKET_MISALIGN,11.1,4,2.0,5,30.6,ROUTINE_CYCLE,31.7,ROUTINE_CYCLE,572
TMS-DEF-0281,ENGINEERING_CIVIL,TMS,PRGL,Perungalathur,32.38,ROUTINE_FISHPLATE_GREASING,8.1,22,1.5,2,31.9,ROUTINE_CYCLE,31.6,ROUTINE_CYCLE,573
TDMS-DEF-0047,ELECTRICAL_TRD,TDMS,TBMS,Tambaram Sanatorium,27.78,INSULATOR_ROUTINE_CLEANING,1.3,11,1.5,3,33.6,ROUTINE_CYCLE,31.5,ROUTINE_CYCLE,574
TDMS-DEF-0083,ELECTRICAL_TRD,TDMS,POTI,Potheri,44.38,CANTILEVER_BRACKET_MISALIGN,7.8,7,2.0,4,28.7,ROUTINE_CYCLE,31.4,ROUTINE_CYCLE,575
TDMS-DEF-0002,ELECTRICAL_TRD,TDMS,TLM,Tirusulam,21.8,INSULATOR_ROUTINE_CLEANING,3.7,19,1.5,3,31.3,ROUTINE_CYCLE,31.3,ROUTINE_CYCLE,576
TMS-DEF-0101,ENGINEERING_CIVIL,TMS,PZA,Pazhavanthangal,18.63,SLEEPER_CRACK_FATIGUE,11.4,0,2.5,5,31.1,ROUTINE_CYCLE,31.2,ROUTINE_CYCLE,577
TDMS-DEF-0080,ELECTRICAL_TRD,TDMS,TBMS,Tambaram Sanatorium,27.01,OHE_HEIGHT_STAGGER_ROUTINE,7.6,2,1.5,4,33.4,ROUTINE_CYCLE,31.2,ROUTINE_CYCLE,578
SMMS-DEF-0051,S_AND_T,SMMS,MSF,Chennai Fort,1.53,LED_UNIT_ROUTINE_INSPECTION,4.4,6,1.0,3,31.4,ROUTINE_CYCLE,31.1,ROUTINE_CYCLE,579
SMMS-DEF-0201,S_AND_T,SMMS,MS,Chennai Egmore,4.74,LED_UNIT_ROUTINE_INSPECTION,11.9,11,1.0,2,32.5,ROUTINE_CYCLE,31.1,ROUTINE_CYCLE,580
TMS-DEF-0176,ENGINEERING_CIVIL,TMS,UPM,Urapakkam,37.64,SLEEPER_CRACK_FATIGUE,6.4,1,2.5,5,31.6,ROUTINE_CYCLE,31.0,ROUTINE_CYCLE,581
TMS-DEF-0253,ENGINEERING_CIVIL,TMS,CGL,Chengalpattu Junction,59.7,RAIL_FLANGE_LUBRICATION,5.9,19,1.0,3,30.3,ROUTINE_CYCLE,31.0,ROUTINE_CYCLE,582
TMS-DEF-0210,ENGINEERING_CIVIL,TMS,PV,Pallavaram,23.94,SLEEPER_CRACK_FATIGUE,6.3,1,2.5,5,29.4,ROUTINE_CYCLE,30.8,ROUTINE_CYCLE,583
TMS-DEF-0235,ENGINEERING_CIVIL,TMS,GI,Guduvancheri,40.62,SLEEPER_CRACK_FATIGUE,2.6,2,2.5,5,28.7,ROUTINE_CYCLE,30.8,ROUTINE_CYCLE,584
SMMS-DEF-0077,S_AND_T,SMMS,TBMS,Tambaram Sanatorium,27.42,LED_UNIT_ROUTINE_INSPECTION,7.0,18,1.0,3,33.9,ROUTINE_CYCLE,30.7,ROUTINE_CYCLE,585
TDMS-DEF-0186,ELECTRICAL_TRD,TDMS,NBK,Nungambakkam,8.56,OHE_HEIGHT_STAGGER_ROUTINE,6.4,20,1.5,3,29.3,ROUTINE_CYCLE,30.7,ROUTINE_CYCLE,586
TMS-DEF-0265,ENGINEERING_CIVIL,TMS,UPM,Urapakkam,36.75,ROUTINE_FISHPLATE_GREASING,5.0,20,1.5,2,31.6,ROUTINE_CYCLE,30.7,ROUTINE_CYCLE,587
TDMS-DEF-0176,ELECTRICAL_TRD,TDMS,MN,Meenambakkam,19.61,OHE_HEIGHT_STAGGER_ROUTINE,3.2,18,1.5,3,28.7,ROUTINE_CYCLE,30.6,ROUTINE_CYCLE,588
TDMS-DEF-0169,ELECTRICAL_TRD,TDMS,TBM,Tambaram,29.55,INSULATOR_ROUTINE_CLEANING,4.6,1,1.5,5,39.3,MEDIUM_PLANNED,30.5,ROUTINE_CYCLE,589
TMS-DEF-0258,ENGINEERING_CIVIL,TMS,MPK,Chennai Park,2.47,RAIL_FLANGE_LUBRICATION,1.6,11,1.0,3,25.3,ROUTINE_CYCLE,30.5,ROUTINE_CYCLE,590
TMS-DEF-0192,ENGINEERING_CIVIL,TMS,TLM,Tirusulam,20.6,ROUTINE_FISHPLATE_GREASING,10.8,22,1.5,2,29.7,ROUTINE_CYCLE,30.5,ROUTINE_CYCLE,591
TMS-DEF-0191,ENGINEERING_CIVIL,TMS,CMP,Chromepet,25.52,BALLAST_DEFICIENCY,3.8,0,4.5,5,29.0,ROUTINE_CYCLE,30.4,ROUTINE_CYCLE,592
TMS-DEF-0145,ENGINEERING_CIVIL,TMS,MPK,Chennai Park,3.25,BALLAST_PACKING_ROUTINE,11.1,3,2.0,4,29.6,ROUTINE_CYCLE,30.4,ROUTINE_CYCLE,593
SMMS-DEF-0122,S_AND_T,SMMS,CGL,Chengalpattu Junction,59.7,ROUTINE_POINT_CLEANING_GREASING,2.1,15,1.0,3,31.2,ROUTINE_CYCLE,30.4,ROUTINE_CYCLE,594
TDMS-DEF-0020,ELECTRICAL_TRD,TDMS,GI,Guduvancheri,40.53,INSULATOR_ROUTINE_CLEANING,12.0,4,1.5,3,34.0,ROUTINE_CYCLE,30.4,ROUTINE_CYCLE,595
TMS-DEF-0224,ENGINEERING_CIVIL,TMS,SP,Saidapet,12.82,RAIL_CORRUGATION_WEAR,1.9,4,3.0,5,33.6,ROUTINE_CYCLE,30.2,ROUTINE_CYCLE,596
TDMS-DEF-0072,ELECTRICAL_TRD,TDMS,UPM,Urapakkam,37.89,ROUTINE_MAST_BONDING_CHECK,4.4,2,1.0,4,31.4,ROUTINE_CYCLE,30.2,ROUTINE_CYCLE,597
TDMS-DEF-0120,ELECTRICAL_TRD,TDMS,SP,Saidapet,12.49,CANTILEVER_BRACKET_MISALIGN,15.1,3,2.0,4,29.2,ROUTINE_CYCLE,30.1,ROUTINE_CYCLE,598
TDMS-DEF-0161,ELECTRICAL_TRD,TDMS,NBK,Nungambakkam,7.72,ROUTINE_MAST_BONDING_CHECK,15.0,14,1.0,3,27.9,ROUTINE_CYCLE,30.1,ROUTINE_CYCLE,599
TDMS-DEF-0105,ELECTRICAL_TRD,TDMS,MMNK,Maraimalai Nagar,46.8,OHE_HEIGHT_STAGGER_ROUTINE,5.5,5,1.5,3,32.2,ROUTINE_CYCLE,30.0,ROUTINE_CYCLE,600
TDMS-DEF-0008,ELECTRICAL_TRD,TDMS,MSF,Chennai Fort,1.12,OHE_HEIGHT_STAGGER_ROUTINE,15.4,0,1.5,3,30.7,ROUTINE_CYCLE,29.8,ROUTINE_CYCLE,601
TMS-DEF-0111,ENGINEERING_CIVIL,TMS,PRGL,Perungalathur,33.42,BALLAST_PACKING_ROUTINE,10.1,3,2.0,4,29.9,ROUTINE_CYCLE,29.7,ROUTINE_CYCLE,602
TMS-DEF-0291,ENGINEERING_CIVIL,TMS,STM,St. Thomas Mount,17.09,BALLAST_DEFICIENCY,2.4,0,4.5,5,29.4,ROUTINE_CYCLE,29.6,ROUTINE_CYCLE,603
TMS-DEF-0087,ENGINEERING_CIVIL,TMS,SKL,Singaperumal Koil,51.27,BALLAST_PACKING_ROUTINE,15.4,13,2.0,2,30.3,ROUTINE_CYCLE,29.6,ROUTINE_CYCLE,604
SMMS-DEF-0225,S_AND_T,SMMS,CMP,Chromepet,24.9,LED_UNIT_ROUTINE_INSPECTION,14.2,18,1.0,1,21.9,ROUTINE_CYCLE,29.6,ROUTINE_CYCLE,605
SMMS-DEF-0247,S_AND_T,SMMS,GDY,Guindy,14.87,CABLE_INSULATION_DROP,11.2,1,3.0,5,27.5,ROUTINE_CYCLE,29.5,ROUTINE_CYCLE,606
TDMS-DEF-0068,ELECTRICAL_TRD,TDMS,PV,Pallavaram,23.07,INSULATOR_ROUTINE_CLEANING,10.2,3,1.5,4,24.2,ROUTINE_CYCLE,29.5,ROUTINE_CYCLE,607
TMS-DEF-0039,ENGINEERING_CIVIL,TMS,MN,Meenambakkam,19.43,BALLAST_PACKING_ROUTINE,9.7,11,2.0,3,30.4,ROUTINE_CYCLE,29.5,ROUTINE_CYCLE,608
TMS-DEF-0139,ENGINEERING_CIVIL,TMS,MPK,Chennai Park,3.02,SLEEPER_CRACK_FATIGUE,10.2,4,2.5,4,29.2,ROUTINE_CYCLE,29.4,ROUTINE_CYCLE,609
TMS-DEF-0175,ENGINEERING_CIVIL,TMS,MPK,Chennai Park,3.71,BALLAST_PACKING_ROUTINE,2.8,10,2.0,4,27.9,ROUTINE_CYCLE,29.4,ROUTINE_CYCLE,610
TMS-DEF-0162,ENGINEERING_CIVIL,TMS,PV,Pallavaram,22.94,BALLAST_PACKING_ROUTINE,12.0,10,2.0,3,27.7,ROUTINE_CYCLE,29.4,ROUTINE_CYCLE,611
TDMS-DEF-0132,ELECTRICAL_TRD,TDMS,TBMS,Tambaram Sanatorium,27.41,INSULATOR_ROUTINE_CLEANING,5.8,2,1.5,4,28.3,ROUTINE_CYCLE,29.2,ROUTINE_CYCLE,612
TMS-DEF-0115,ENGINEERING_CIVIL,TMS,MBM,Mambalam,11.97,RAIL_CORRUGATION_WEAR,2.3,10,3.0,4,28.3,ROUTINE_CYCLE,29.0,ROUTINE_CYCLE,613
TDMS-DEF-0098,ELECTRICAL_TRD,TDMS,TLM,Tirusulam,21.03,ROUTINE_MAST_BONDING_CHECK,11.9,11,1.0,3,26.8,ROUTINE_CYCLE,29.0,ROUTINE_CYCLE,614
SMMS-DEF-0168,S_AND_T,SMMS,PZA,Pazhavanthangal,19.2,LED_UNIT_ROUTINE_INSPECTION,8.7,20,1.0,2,28.1,ROUTINE_CYCLE,29.0,ROUTINE_CYCLE,615
TMS-DEF-0096,ENGINEERING_CIVIL,TMS,PRGL,Perungalathur,32.82,SLEEPER_CRACK_FATIGUE,0.9,6,2.5,4,29.0,ROUTINE_CYCLE,28.9,ROUTINE_CYCLE,616
TMS-DEF-0003,ENGINEERING_CIVIL,TMS,MBM,Mambalam,11.3,ROUTINE_FISHPLATE_GREASING,3.6,13,1.5,3,28.9,ROUTINE_CYCLE,28.9,ROUTINE_CYCLE,617
TMS-DEF-0074,ENGINEERING_CIVIL,TMS,SKL,Singaperumal Koil,51.92,RAIL_FLANGE_LUBRICATION,4.2,16,1.0,3,29.9,ROUTINE_CYCLE,28.8,ROUTINE_CYCLE,618
TMS-DEF-0222,ENGINEERING_CIVIL,TMS,TLM,Tirusulam,21.97,BALLAST_PACKING_ROUTINE,2.6,8,2.0,4,27.2,ROUTINE_CYCLE,28.7,ROUTINE_CYCLE,619
TDMS-DEF-0075,ELECTRICAL_TRD,TDMS,NBK,Nungambakkam,8.24,INSULATOR_ROUTINE_CLEANING,16.9,9,1.5,3,23.8,ROUTINE_CYCLE,28.6,ROUTINE_CYCLE,620
TDMS-DEF-0137,ELECTRICAL_TRD,TDMS,STM,St. Thomas Mount,17.36,INSULATOR_ROUTINE_CLEANING,16.1,8,1.5,3,28.6,ROUTINE_CYCLE,28.4,ROUTINE_CYCLE,621
TDMS-DEF-0076,ELECTRICAL_TRD,TDMS,MBM,Mambalam,10.68,CANTILEVER_BRACKET_MISALIGN,1.2,4,2.0,5,26.8,ROUTINE_CYCLE,28.2,ROUTINE_CYCLE,622
TMS-DEF-0052,ENGINEERING_CIVIL,TMS,PZA,Pazhavanthangal,19.2,BALLAST_PACKING_ROUTINE,12.1,14,2.0,2,30.7,ROUTINE_CYCLE,28.1,ROUTINE_CYCLE,623
TMS-DEF-0036,ENGINEERING_CIVIL,TMS,POTI,Potheri,44.67,RAIL_FLANGE_LUBRICATION,11.6,16,1.0,2,26.7,ROUTINE_CYCLE,27.7,ROUTINE_CYCLE,624
TDMS-DEF-0081,ELECTRICAL_TRD,TDMS,CMP,Chromepet,25.76,OHE_HEIGHT_STAGGER_ROUTINE,15.9,12,1.5,2,27.3,ROUTINE_CYCLE,27.7,ROUTINE_CYCLE,625
TMS-DEF-0123,ENGINEERING_CIVIL,TMS,TLM,Tirusulam,21.53,RAIL_FLANGE_LUBRICATION,15.2,3,1.0,3,28.8,ROUTINE_CYCLE,27.6,ROUTINE_CYCLE,626
TMS-DEF-0206,ENGINEERING_CIVIL,TMS,PV,Pallavaram,23.07,SLEEPER_CRACK_FATIGUE,13.4,0,2.5,4,25.8,ROUTINE_CYCLE,27.3,ROUTINE_CYCLE,627
TMS-DEF-0263,ENGINEERING_CIVIL,TMS,GI,Guduvancheri,40.61,SLEEPER_CRACK_FATIGUE,13.6,1,2.5,4,29.9,ROUTINE_CYCLE,27.3,ROUTINE_CYCLE,628
TDMS-DEF-0143,ELECTRICAL_TRD,TDMS,MPK,Chennai Park,3.68,OHE_HEIGHT_STAGGER_ROUTINE,1.4,7,1.5,3,28.6,ROUTINE_CYCLE,27.1,ROUTINE_CYCLE,629
SMMS-DEF-0121,S_AND_T,SMMS,MKK,Kodambakkam,9.7,SIGNAL_BATTERY_WATERING,11.3,15,1.5,2,26.8,ROUTINE_CYCLE,27.1,ROUTINE_CYCLE,630
TMS-DEF-0086,ENGINEERING_CIVIL,TMS,MSC,Chetpet,6.52,BALLAST_PACKING_ROUTINE,15.2,3,2.0,3,26.5,ROUTINE_CYCLE,27.0,ROUTINE_CYCLE,631
SMMS-DEF-0076,S_AND_T,SMMS,MN,Meenambakkam,20.51,CABLE_INSULATION_DROP,2.0,3,3.0,5,25.5,ROUTINE_CYCLE,26.8,ROUTINE_CYCLE,632
TDMS-DEF-0056,ELECTRICAL_TRD,TDMS,MN,Meenambakkam,20.49,INSULATOR_ROUTINE_CLEANING,3.2,6,1.5,4,24.2,ROUTINE_CYCLE,26.7,ROUTINE_CYCLE,633
TMS-DEF-0166,ENGINEERING_CIVIL,TMS,PV,Pallavaram,22.5,RAIL_FLANGE_LUBRICATION,10.4,18,1.0,1,28.0,ROUTINE_CYCLE,26.6,ROUTINE_CYCLE,634
SMMS-DEF-0151,S_AND_T,SMMS,GDY,Guindy,15.34,LED_UNIT_ROUTINE_INSPECTION,3.6,15,1.0,1,27.3,ROUTINE_CYCLE,26.3,ROUTINE_CYCLE,635
TMS-DEF-0001,ENGINEERING_CIVIL,TMS,UPM,Urapakkam,36.88,BALLAST_DEFICIENCY,4.3,4,4.5,4,24.5,ROUTINE_CYCLE,26.1,ROUTINE_CYCLE,636
TMS-DEF-0017,ENGINEERING_CIVIL,TMS,TBMS,Tambaram Sanatorium,26.96,RAIL_FLANGE_LUBRICATION,11.7,3,1.0,3,26.2,ROUTINE_CYCLE,26.0,ROUTINE_CYCLE,637
TMS-DEF-0167,ENGINEERING_CIVIL,TMS,CGL,Chengalpattu Junction,59.57,BALLAST_PACKING_ROUTINE,3.7,3,2.0,4,28.2,ROUTINE_CYCLE,25.9,ROUTINE_CYCLE,638
TDMS-DEF-0164,ELECTRICAL_TRD,TDMS,STM,St. Thomas Mount,16.64,OHE_HEIGHT_STAGGER_ROUTINE,9.6,5,1.5,3,21.7,ROUTINE_CYCLE,25.7,ROUTINE_CYCLE,639
TMS-DEF-0028,ENGINEERING_CIVIL,TMS,MPK,Chennai Park,3.09,RAIL_FLANGE_LUBRICATION,8.0,7,1.0,3,26.2,ROUTINE_CYCLE,25.6,ROUTINE_CYCLE,640
SMMS-DEF-0235,S_AND_T,SMMS,MSC,Chetpet,6.4,ROUTINE_POINT_CLEANING_GREASING,11.4,14,1.0,2,24.0,ROUTINE_CYCLE,25.6,ROUTINE_CYCLE,641
TDMS-DEF-0090,ELECTRICAL_TRD,TDMS,PV,Pallavaram,23.29,CANTILEVER_BRACKET_MISALIGN,7.1,4,2.0,4,22.9,ROUTINE_CYCLE,25.5,ROUTINE_CYCLE,642
TDMS-DEF-0033,ELECTRICAL_TRD,TDMS,PV,Pallavaram,22.59,OHE_HEIGHT_STAGGER_ROUTINE,7.3,6,1.5,3,25.9,ROUTINE_CYCLE,25.5,ROUTINE_CYCLE,643
TMS-DEF-0025,ENGINEERING_CIVIL,TMS,MKK,Kodambakkam,10.02,RAIL_FLANGE_LUBRICATION,10.6,6,1.0,3,26.1,ROUTINE_CYCLE,25.4,ROUTINE_CYCLE,644
TMS-DEF-0203,ENGINEERING_CIVIL,TMS,CMP,Chromepet,25.29,RAIL_FLANGE_LUBRICATION,14.8,1,1.0,3,25.5,ROUTINE_CYCLE,25.4,ROUTINE_CYCLE,645
TDMS-DEF-0153,ELECTRICAL_TRD,TDMS,MN,Meenambakkam,19.65,ROUTINE_MAST_BONDING_CHECK,11.4,4,1.0,3,26.2,ROUTINE_CYCLE,25.3,ROUTINE_CYCLE,646
TMS-DEF-0010,ENGINEERING_CIVIL,TMS,MPK,Chennai Park,3.24,ROUTINE_FISHPLATE_GREASING,11.8,12,1.5,2,24.0,ROUTINE_CYCLE,25.3,ROUTINE_CYCLE,647
TMS-DEF-0284,ENGINEERING_CIVIL,TMS,PRGL,Perungalathur,32.2,BALLAST_PACKING_ROUTINE,7.9,0,2.0,4,26.1,ROUTINE_CYCLE,25.2,ROUTINE_CYCLE,648
TDMS-DEF-0011,ELECTRICAL_TRD,TDMS,CGL,Chengalpattu Junction,59.7,INSULATOR_ROUTINE_CLEANING,8.3,12,1.5,3,23.8,ROUTINE_CYCLE,25.1,ROUTINE_CYCLE,649
SMMS-DEF-0245,S_AND_T,SMMS,MSC,Chetpet,7.01,SIGNAL_BATTERY_WATERING,11.0,9,1.5,3,23.9,ROUTINE_CYCLE,25.0,ROUTINE_CYCLE,650
TMS-DEF-0292,ENGINEERING_CIVIL,TMS,MN,Meenambakkam,20.55,BALLAST_DEFICIENCY,1.2,0,4.5,4,25.7,ROUTINE_CYCLE,24.6,ROUTINE_CYCLE,651
TMS-DEF-0120,ENGINEERING_CIVIL,TMS,MSB,Chennai Beach,0.8,BALLAST_PACKING_ROUTINE,1.1,7,2.0,3,24.2,ROUTINE_CYCLE,24.4,ROUTINE_CYCLE,652
TMS-DEF-0264,ENGINEERING_CIVIL,TMS,MPK,Chennai Park,2.34,RAIL_FLANGE_LUBRICATION,3.8,7,1.0,3,24.3,ROUTINE_CYCLE,24.4,ROUTINE_CYCLE,653
SMMS-DEF-0092,S_AND_T,SMMS,PZA,Pazhavanthangal,19.2,ROUTINE_POINT_CLEANING_GREASING,3.3,5,1.0,3,21.9,ROUTINE_CYCLE,24.4,ROUTINE_CYCLE,654
TMS-DEF-0289,ENGINEERING_CIVIL,TMS,STM,St. Thomas Mount,17.19,BALLAST_PACKING_ROUTINE,8.0,3,2.0,3,26.2,ROUTINE_CYCLE,24.0,ROUTINE_CYCLE,655
SMMS-DEF-0001,S_AND_T,SMMS,STM,St. Thomas Mount,16.9,SIGNAL_BATTERY_WATERING,7.7,0,1.5,3,28.1,ROUTINE_CYCLE,24.0,ROUTINE_CYCLE,656
SMMS-DEF-0041,S_AND_T,SMMS,NBK,Nungambakkam,7.79,SIGNAL_BATTERY_WATERING,3.2,6,1.5,2,25.4,ROUTINE_CYCLE,24.0,ROUTINE_CYCLE,657
TDMS-DEF-0216,ELECTRICAL_TRD,TDMS,TBMS,Tambaram Sanatorium,27.09,ROUTINE_MAST_BONDING_CHECK,13.5,8,1.0,3,21.3,ROUTINE_CYCLE,23.9,ROUTINE_CYCLE,658
TDMS-DEF-0118,ELECTRICAL_TRD,TDMS,STM,St. Thomas Mount,16.53,INSULATOR_ROUTINE_CLEANING,6.0,1,1.5,4,21.9,ROUTINE_CYCLE,23.6,ROUTINE_CYCLE,659
TMS-DEF-0205,ENGINEERING_CIVIL,TMS,UPM,Urapakkam,37.18,BALLAST_PACKING_ROUTINE,1.4,9,2.0,3,24.0,ROUTINE_CYCLE,23.6,ROUTINE_CYCLE,660
SMMS-DEF-0173,S_AND_T,SMMS,MMNK,Maraimalai Nagar,47.41,ROUTINE_POINT_CLEANING_GREASING,5.1,0,1.0,3,23.6,ROUTINE_CYCLE,23.6,ROUTINE_CYCLE,661
TDMS-DEF-0174,ELECTRICAL_TRD,TDMS,TBM,Tambaram,28.95,OHE_HEIGHT_STAGGER_ROUTINE,7.1,13,1.5,2,20.1,ROUTINE_CYCLE,23.5,ROUTINE_CYCLE,662
SMMS-DEF-0070,S_AND_T,SMMS,PRGL,Perungalathur,32.34,SIGNAL_BATTERY_WATERING,10.4,0,1.5,3,23.3,ROUTINE_CYCLE,23.3,ROUTINE_CYCLE,663
SMMS-DEF-0040,S_AND_T,SMMS,GI,Guduvancheri,40.25,ROUTINE_POINT_CLEANING_GREASING,11.2,1,1.0,3,23.1,ROUTINE_CYCLE,23.2,ROUTINE_CYCLE,664
SMMS-DEF-0222,S_AND_T,SMMS,GDY,Guindy,15.36,SIGNAL_BATTERY_WATERING,4.8,4,1.5,3,23.0,ROUTINE_CYCLE,23.2,ROUTINE_CYCLE,665
TMS-DEF-0278,ENGINEERING_CIVIL,TMS,PZA,Pazhavanthangal,19.16,BALLAST_PACKING_ROUTINE,8.4,10,2.0,2,23.2,ROUTINE_CYCLE,23.2,ROUTINE_CYCLE,666
SMMS-DEF-0010,S_AND_T,SMMS,TBM,Tambaram,29.55,SIGNAL_BATTERY_WATERING,12.5,3,1.5,2,24.8,ROUTINE_CYCLE,23.1,ROUTINE_CYCLE,667
TMS-DEF-0163,ENGINEERING_CIVIL,TMS,UPM,Urapakkam,36.86,BALLAST_PACKING_ROUTINE,6.8,10,2.0,2,25.5,ROUTINE_CYCLE,23.0,ROUTINE_CYCLE,668
TDMS-DEF-0106,ELECTRICAL_TRD,TDMS,SKL,Singaperumal Koil,51.93,INSULATOR_ROUTINE_CLEANING,8.2,1,1.5,4,22.4,ROUTINE_CYCLE,22.9,ROUTINE_CYCLE,669
SMMS-DEF-0027,S_AND_T,SMMS,UPM,Urapakkam,37.68,SIGNAL_BATTERY_WATERING,1.2,8,1.5,3,22.9,ROUTINE_CYCLE,22.9,ROUTINE_CYCLE,670
TMS-DEF-0200,ENGINEERING_CIVIL,TMS,STM,St. Thomas Mount,17.57,ROUTINE_FISHPLATE_GREASING,10.3,15,1.5,1,22.9,ROUTINE_CYCLE,22.9,ROUTINE_CYCLE,671
TDMS-DEF-0101,ELECTRICAL_TRD,TDMS,MN,Meenambakkam,20.37,CANTILEVER_BRACKET_MISALIGN,8.3,0,2.0,4,30.3,ROUTINE_CYCLE,22.7,ROUTINE_CYCLE,672
TMS-DEF-0066,ENGINEERING_CIVIL,TMS,CMP,Chromepet,25.82,RAIL_FLANGE_LUBRICATION,1.8,7,1.0,3,22.9,ROUTINE_CYCLE,22.6,ROUTINE_CYCLE,673
TDMS-DEF-0147,ELECTRICAL_TRD,TDMS,SP,Saidapet,12.97,OHE_HEIGHT_STAGGER_ROUTINE,3.6,3,1.5,3,23.8,ROUTINE_CYCLE,22.6,ROUTINE_CYCLE,674
TDMS-DEF-0203,ELECTRICAL_TRD,TDMS,TBM,Tambaram,29.3,OHE_HEIGHT_STAGGER_ROUTINE,4.8,9,1.5,3,19.5,ROUTINE_CYCLE,22.4,ROUTINE_CYCLE,675
TMS-DEF-0165,ENGINEERING_CIVIL,TMS,GI,Guduvancheri,40.2,SLEEPER_CRACK_FATIGUE,1.4,0,2.5,4,21.2,ROUTINE_CYCLE,22.3,ROUTINE_CYCLE,676
TMS-DEF-0007,ENGINEERING_CIVIL,TMS,TBM,Tambaram,28.81,BALLAST_PACKING_ROUTINE,3.5,0,2.0,4,20.8,ROUTINE_CYCLE,22.1,ROUTINE_CYCLE,677
TMS-DEF-0100,ENGINEERING_CIVIL,TMS,MN,Meenambakkam,20.35,RAIL_FLANGE_LUBRICATION,9.5,1,1.0,3,22.3,ROUTINE_CYCLE,22.1,ROUTINE_CYCLE,678
TDMS-DEF-0038,ELECTRICAL_TRD,TDMS,MN,Meenambakkam,19.4,OHE_HEIGHT_STAGGER_ROUTINE,5.1,1,1.5,3,15.5,ROUTINE_CYCLE,22.1,ROUTINE_CYCLE,679
TDMS-DEF-0013,ELECTRICAL_TRD,TDMS,MPK,Chennai Park,3.48,OHE_HEIGHT_STAGGER_ROUTINE,10.3,1,1.5,3,26.0,ROUTINE_CYCLE,21.8,ROUTINE_CYCLE,680
TMS-DEF-0014,ENGINEERING_CIVIL,TMS,SP,Saidapet,12.32,BALLAST_PACKING_ROUTINE,7.1,2,2.0,3,22.5,ROUTINE_CYCLE,21.7,ROUTINE_CYCLE,681
TMS-DEF-0150,ENGINEERING_CIVIL,TMS,GI,Guduvancheri,40.24,BALLAST_PACKING_ROUTINE,13.9,3,2.0,2,22.9,ROUTINE_CYCLE,21.7,ROUTINE_CYCLE,682
TMS-DEF-0181,ENGINEERING_CIVIL,TMS,TBM,Tambaram,28.44,RAIL_FLANGE_LUBRICATION,2.4,4,1.0,3,20.0,ROUTINE_CYCLE,21.6,ROUTINE_CYCLE,683
TDMS-DEF-0141,ELECTRICAL_TRD,TDMS,MMNK,Maraimalai Nagar,47.08,ROUTINE_MAST_BONDING_CHECK,3.4,3,1.0,2,23.1,ROUTINE_CYCLE,21.5,ROUTINE_CYCLE,684
TDMS-DEF-0059,ELECTRICAL_TRD,TDMS,MSB,Chennai Beach,0.1,OHE_HEIGHT_STAGGER_ROUTINE,10.1,7,1.5,2,15.4,ROUTINE_CYCLE,21.3,ROUTINE_CYCLE,685
TDMS-DEF-0179,ELECTRICAL_TRD,TDMS,UPM,Urapakkam,37.97,INSULATOR_ROUTINE_CLEANING,9.7,2,1.5,3,27.3,ROUTINE_CYCLE,21.1,ROUTINE_CYCLE,686
TMS-DEF-0185,ENGINEERING_CIVIL,TMS,SKL,Singaperumal Koil,51.99,RAIL_FLANGE_LUBRICATION,10.5,2,1.0,3,20.4,ROUTINE_CYCLE,21.0,ROUTINE_CYCLE,687
TMS-DEF-0061,ENGINEERING_CIVIL,TMS,CGL,Chengalpattu Junction,59.7,RAIL_FLANGE_LUBRICATION,3.6,4,1.0,3,21.1,ROUTINE_CYCLE,20.9,ROUTINE_CYCLE,688
TMS-DEF-0202,ENGINEERING_CIVIL,TMS,SP,Saidapet,12.42,RAIL_FLANGE_LUBRICATION,1.7,0,1.0,3,20.9,ROUTINE_CYCLE,20.8,ROUTINE_CYCLE,689
TDMS-DEF-0023,ELECTRICAL_TRD,TDMS,GI,Guduvancheri,40.55,OHE_HEIGHT_STAGGER_ROUTINE,15.9,5,1.5,2,22.0,ROUTINE_CYCLE,20.8,ROUTINE_CYCLE,690
TDMS-DEF-0191,ELECTRICAL_TRD,TDMS,STM,St. Thomas Mount,16.45,OHE_HEIGHT_STAGGER_ROUTINE,9.4,6,1.5,2,22.7,ROUTINE_CYCLE,20.5,ROUTINE_CYCLE,691
TMS-DEF-0188,ENGINEERING_CIVIL,TMS,UPM,Urapakkam,38.25,ROUTINE_FISHPLATE_GREASING,3.8,8,1.5,2,19.0,ROUTINE_CYCLE,20.4,ROUTINE_CYCLE,692
TMS-DEF-0049,ENGINEERING_CIVIL,TMS,NBK,Nungambakkam,8.54,ROUTINE_FISHPLATE_GREASING,0.6,7,1.5,3,19.3,ROUTINE_CYCLE,20.0,ROUTINE_CYCLE,693
TDMS-DEF-0010,ELECTRICAL_TRD,TDMS,MBM,Mambalam,11.36,ROUTINE_MAST_BONDING_CHECK,14.8,9,1.0,2,18.6,ROUTINE_CYCLE,20.0,ROUTINE_CYCLE,694
TDMS-DEF-0152,ELECTRICAL_TRD,TDMS,TBM,Tambaram,28.96,OHE_HEIGHT_STAGGER_ROUTINE,8.1,0,1.5,3,17.5,ROUTINE_CYCLE,19.9,ROUTINE_CYCLE,695
TMS-DEF-0130,ENGINEERING_CIVIL,TMS,CMP,Chromepet,26.04,ROUTINE_FISHPLATE_GREASING,11.4,7,1.5,2,22.0,ROUTINE_CYCLE,19.9,ROUTINE_CYCLE,696
TDMS-DEF-0198,ELECTRICAL_TRD,TDMS,GDY,Guindy,15.04,OHE_HEIGHT_STAGGER_ROUTINE,10.4,7,1.5,2,19.6,ROUTINE_CYCLE,19.9,ROUTINE_CYCLE,697
TDMS-DEF-0042,ELECTRICAL_TRD,TDMS,CGL,Chengalpattu Junction,59.7,OHE_HEIGHT_STAGGER_ROUTINE,9.9,10,1.5,2,17.5,ROUTINE_CYCLE,19.5,ROUTINE_CYCLE,698
SMMS-DEF-0054,S_AND_T,SMMS,MN,Meenambakkam,20.22,SIGNAL_BATTERY_WATERING,6.1,1,1.5,2,20.3,ROUTINE_CYCLE,19.4,ROUTINE_CYCLE,699
SMMS-DEF-0202,S_AND_T,SMMS,SP,Saidapet,12.78,ROUTINE_POINT_CLEANING_GREASING,9.3,7,1.0,2,15.6,ROUTINE_CYCLE,19.4,ROUTINE_CYCLE,700
TMS-DEF-0189,ENGINEERING_CIVIL,TMS,NBK,Nungambakkam,7.94,BALLAST_PACKING_ROUTINE,9.7,7,2.0,2,24.4,ROUTINE_CYCLE,19.3,ROUTINE_CYCLE,701
TMS-DEF-0157,ENGINEERING_CIVIL,TMS,GI,Guduvancheri,40.77,ROUTINE_FISHPLATE_GREASING,6.2,11,1.5,1,19.8,ROUTINE_CYCLE,19.2,ROUTINE_CYCLE,702
SMMS-DEF-0192,S_AND_T,SMMS,MBM,Mambalam,11.63,LED_UNIT_ROUTINE_INSPECTION,2.7,9,1.0,1,19.6,ROUTINE_CYCLE,19.1,ROUTINE_CYCLE,703
TMS-DEF-0201,ENGINEERING_CIVIL,TMS,SKL,Singaperumal Koil,51.24,RAIL_FLANGE_LUBRICATION,13.1,10,1.0,1,18.8,ROUTINE_CYCLE,19.0,ROUTINE_CYCLE,704
TMS-DEF-0118,ENGINEERING_CIVIL,TMS,TBM,Tambaram,29.13,BALLAST_PACKING_ROUTINE,1.1,2,2.0,3,18.5,ROUTINE_CYCLE,18.8,ROUTINE_CYCLE,705
TMS-DEF-0144,ENGINEERING_CIVIL,TMS,TLM,Tirusulam,20.65,BALLAST_PACKING_ROUTINE,11.1,3,2.0,2,17.5,ROUTINE_CYCLE,18.8,ROUTINE_CYCLE,706
SMMS-DEF-0216,S_AND_T,SMMS,MKK,Kodambakkam,9.65,SIGNAL_BATTERY_WATERING,6.3,0,1.5,3,14.8,ROUTINE_CYCLE,18.6,ROUTINE_CYCLE,707
TDMS-DEF-0006,ELECTRICAL_TRD,TDMS,TBMS,Tambaram Sanatorium,27.39,ROUTINE_MAST_BONDING_CHECK,12.1,5,1.0,2,17.6,ROUTINE_CYCLE,18.6,ROUTINE_CYCLE,708
TMS-DEF-0019,ENGINEERING_CIVIL,TMS,MSB,Chennai Beach,0.73,ROUTINE_FISHPLATE_GREASING,12.3,5,1.5,1,16.7,ROUTINE_CYCLE,18.5,ROUTINE_CYCLE,709
TMS-DEF-0016,ENGINEERING_CIVIL,TMS,MSC,Chetpet,6.76,BALLAST_PACKING_ROUTINE,1.5,2,2.0,3,18.3,ROUTINE_CYCLE,18.4,ROUTINE_CYCLE,710
TDMS-DEF-0151,ELECTRICAL_TRD,TDMS,SKL,Singaperumal Koil,51.45,ROUTINE_MAST_BONDING_CHECK,14.5,7,1.0,1,20.9,ROUTINE_CYCLE,18.4,ROUTINE_CYCLE,711
SMMS-DEF-0050,S_AND_T,SMMS,POTI,Potheri,43.61,ROUTINE_POINT_CLEANING_GREASING,9.9,9,1.0,1,17.0,ROUTINE_CYCLE,18.2,ROUTINE_CYCLE,712
TMS-DEF-0215,ENGINEERING_CIVIL,TMS,MSC,Chetpet,6.83,RAIL_FLANGE_LUBRICATION,10.9,12,1.0,1,20.9,ROUTINE_CYCLE,18.0,ROUTINE_CYCLE,713
SMMS-DEF-0227,S_AND_T,SMMS,STM,St. Thomas Mount,17.03,LED_UNIT_ROUTINE_INSPECTION,2.6,5,1.0,1,18.9,ROUTINE_CYCLE,17.9,ROUTINE_CYCLE,714
TDMS-DEF-0058,ELECTRICAL_TRD,TDMS,UPM,Urapakkam,37.32,OHE_HEIGHT_STAGGER_ROUTINE,15.8,4,1.5,2,16.6,ROUTINE_CYCLE,17.7,ROUTINE_CYCLE,715
TMS-DEF-0023,ENGINEERING_CIVIL,TMS,MPK,Chennai Park,3.44,ROUTINE_FISHPLATE_GREASING,12.4,3,1.5,2,17.8,ROUTINE_CYCLE,17.6,ROUTINE_CYCLE,716
TMS-DEF-0197,ENGINEERING_CIVIL,TMS,PRGL,Perungalathur,32.53,RAIL_FLANGE_LUBRICATION,7.0,12,1.0,1,16.3,ROUTINE_CYCLE,17.6,ROUTINE_CYCLE,717
TDMS-DEF-0185,ELECTRICAL_TRD,TDMS,MS,Chennai Egmore,4.69,INSULATOR_ROUTINE_CLEANING,12.8,4,1.5,2,20.2,ROUTINE_CYCLE,17.3,ROUTINE_CYCLE,718
TMS-DEF-0126,ENGINEERING_CIVIL,TMS,MKK,Kodambakkam,9.71,RAIL_FLANGE_LUBRICATION,7.4,5,1.0,2,16.2,ROUTINE_CYCLE,17.2,ROUTINE_CYCLE,719
TMS-DEF-0238,ENGINEERING_CIVIL,TMS,MSF,Chennai Fort,1.5,ROUTINE_FISHPLATE_GREASING,6.7,0,1.5,2,17.5,ROUTINE_CYCLE,17.1,ROUTINE_CYCLE,720
TMS-DEF-0245,ENGINEERING_CIVIL,TMS,VDR,Vandalur,35.24,RAIL_FLANGE_LUBRICATION,15.7,0,1.0,1,17.9,ROUTINE_CYCLE,17.0,ROUTINE_CYCLE,721
SMMS-DEF-0018,S_AND_T,SMMS,GI,Guduvancheri,40.87,SIGNAL_BATTERY_WATERING,10.0,1,1.5,2,15.9,ROUTINE_CYCLE,16.8,ROUTINE_CYCLE,722
SMMS-DEF-0080,S_AND_T,SMMS,CMP,Chromepet,24.95,ROUTINE_POINT_CLEANING_GREASING,1.5,3,1.0,3,14.4,ROUTINE_CYCLE,16.7,ROUTINE_CYCLE,723
SMMS-DEF-0069,S_AND_T,SMMS,UPM,Urapakkam,37.49,LED_UNIT_ROUTINE_INSPECTION,5.2,2,1.0,2,13.7,ROUTINE_CYCLE,16.7,ROUTINE_CYCLE,724
TMS-DEF-0173,ENGINEERING_CIVIL,TMS,VDR,Vandalur,33.71,ROUTINE_FISHPLATE_GREASING,5.2,7,1.5,1,15.5,ROUTINE_CYCLE,16.5,ROUTINE_CYCLE,725
TMS-DEF-0133,ENGINEERING_CIVIL,TMS,MSB,Chennai Beach,0.1,BALLAST_PACKING_ROUTINE,9.5,1,2.0,2,18.5,ROUTINE_CYCLE,16.4,ROUTINE_CYCLE,726
TDMS-DEF-0092,ELECTRICAL_TRD,TDMS,VDR,Vandalur,33.79,OHE_HEIGHT_STAGGER_ROUTINE,13.7,3,1.5,2,14.2,ROUTINE_CYCLE,16.4,ROUTINE_CYCLE,727
TMS-DEF-0050,ENGINEERING_CIVIL,TMS,MSC,Chetpet,6.63,BALLAST_PACKING_ROUTINE,9.1,2,2.0,2,17.5,ROUTINE_CYCLE,16.3,ROUTINE_CYCLE,728
TDMS-DEF-0124,ELECTRICAL_TRD,TDMS,TBMS,Tambaram Sanatorium,27.78,OHE_HEIGHT_STAGGER_ROUTINE,1.1,7,1.5,2,16.3,ROUTINE_CYCLE,16.2,ROUTINE_CYCLE,729
SMMS-DEF-0141,S_AND_T,SMMS,SKL,Singaperumal Koil,51.18,SIGNAL_BATTERY_WATERING,2.7,0,1.5,2,21.0,ROUTINE_CYCLE,16.1,ROUTINE_CYCLE,730
TMS-DEF-0110,ENGINEERING_CIVIL,TMS,VDR,Vandalur,34.91,ROUTINE_FISHPLATE_GREASING,6.4,0,1.5,2,18.0,ROUTINE_CYCLE,16.0,ROUTINE_CYCLE,731
TMS-DEF-0195,ENGINEERING_CIVIL,TMS,TBM,Tambaram,29.47,ROUTINE_FISHPLATE_GREASING,13.4,4,1.5,1,18.6,ROUTINE_CYCLE,15.8,ROUTINE_CYCLE,732
TDMS-DEF-0119,ELECTRICAL_TRD,TDMS,SP,Saidapet,12.46,INSULATOR_ROUTINE_CLEANING,13.4,2,1.5,2,15.8,ROUTINE_CYCLE,15.6,ROUTINE_CYCLE,733
TDMS-DEF-0140,ELECTRICAL_TRD,TDMS,STM,St. Thomas Mount,17.33,ROUTINE_MAST_BONDING_CHECK,5.2,2,1.0,2,16.1,ROUTINE_CYCLE,15.6,ROUTINE_CYCLE,734
TDMS-DEF-0159,ELECTRICAL_TRD,TDMS,CGL,Chengalpattu Junction,59.7,INSULATOR_ROUTINE_CLEANING,12.7,2,1.5,2,12.0,ROUTINE_CYCLE,15.6,ROUTINE_CYCLE,735
SMMS-DEF-0196,S_AND_T,SMMS,VDR,Vandalur,34.09,ROUTINE_POINT_CLEANING_GREASING,14.3,4,1.0,1,12.2,ROUTINE_CYCLE,15.6,ROUTINE_CYCLE,736
TMS-DEF-0045,ENGINEERING_CIVIL,TMS,TBMS,Tambaram Sanatorium,26.57,RAIL_FLANGE_LUBRICATION,2.1,2,1.0,2,17.0,ROUTINE_CYCLE,15.3,ROUTINE_CYCLE,737
SMMS-DEF-0117,S_AND_T,SMMS,VDR,Vandalur,34.59,ROUTINE_POINT_CLEANING_GREASING,11.0,3,1.0,1,17.1,ROUTINE_CYCLE,15.2,ROUTINE_CYCLE,738
TMS-DEF-0232,ENGINEERING_CIVIL,TMS,PRGL,Perungalathur,32.51,RAIL_FLANGE_LUBRICATION,1.8,6,1.0,1,15.3,ROUTINE_CYCLE,15.1,ROUTINE_CYCLE,739
TMS-DEF-0149,ENGINEERING_CIVIL,TMS,MS,Chennai Egmore,3.9,BALLAST_PACKING_ROUTINE,5.1,0,2.0,2,15.9,ROUTINE_CYCLE,15.0,ROUTINE_CYCLE,740
TMS-DEF-0125,ENGINEERING_CIVIL,TMS,TBMS,Tambaram Sanatorium,27.88,RAIL_FLANGE_LUBRICATION,14.0,2,1.0,1,15.1,ROUTINE_CYCLE,15.0,ROUTINE_CYCLE,741
TDMS-DEF-0036,ELECTRICAL_TRD,TDMS,MBM,Mambalam,11.87,OHE_HEIGHT_STAGGER_ROUTINE,13.4,2,1.5,2,15.1,ROUTINE_CYCLE,14.7,ROUTINE_CYCLE,742
SMMS-DEF-0093,S_AND_T,SMMS,CMP,Chromepet,25.26,ROUTINE_POINT_CLEANING_GREASING,10.8,4,1.0,1,15.0,ROUTINE_CYCLE,14.5,ROUTINE_CYCLE,743
TMS-DEF-0223,ENGINEERING_CIVIL,TMS,CMP,Chromepet,25.95,ROUTINE_FISHPLATE_GREASING,13.7,0,1.5,1,12.4,ROUTINE_CYCLE,14.2,ROUTINE_CYCLE,744
TMS-DEF-0190,ENGINEERING_CIVIL,TMS,NBK,Nungambakkam,8.56,RAIL_FLANGE_LUBRICATION,1.8,2,1.0,2,13.9,ROUTINE_CYCLE,14.1,ROUTINE_CYCLE,745
TDMS-DEF-0012,ELECTRICAL_TRD,TDMS,MMNK,Maraimalai Nagar,47.17,ROUTINE_MAST_BONDING_CHECK,7.7,2,1.0,1,14.0,ROUTINE_CYCLE,13.9,ROUTINE_CYCLE,746
SMMS-DEF-0044,S_AND_T,SMMS,VDR,Vandalur,34.85,ROUTINE_POINT_CLEANING_GREASING,0.6,5,1.0,1,13.4,ROUTINE_CYCLE,13.7,ROUTINE_CYCLE,747
TDMS-DEF-0145,ELECTRICAL_TRD,TDMS,MBM,Mambalam,10.94,INSULATOR_ROUTINE_CLEANING,11.5,1,1.5,2,12.6,ROUTINE_CYCLE,13.3,ROUTINE_CYCLE,748
TMS-DEF-0142,ENGINEERING_CIVIL,TMS,MMNK,Maraimalai Nagar,46.3,RAIL_FLANGE_LUBRICATION,11.4,2,1.0,1,11.4,ROUTINE_CYCLE,13.2,ROUTINE_CYCLE,749
TMS-DEF-0152,ENGINEERING_CIVIL,TMS,VDR,Vandalur,34.04,RAIL_FLANGE_LUBRICATION,11.1,2,1.0,1,11.5,ROUTINE_CYCLE,13.2,ROUTINE_CYCLE,750
TMS-DEF-0020,ENGINEERING_CIVIL,TMS,UPM,Urapakkam,37.18,ROUTINE_FISHPLATE_GREASING,9.9,3,1.5,1,11.7,ROUTINE_CYCLE,13.0,ROUTINE_CYCLE,751
TDMS-DEF-0177,ELECTRICAL_TRD,TDMS,UPM,Urapakkam,37.25,OHE_HEIGHT_STAGGER_ROUTINE,12.0,1,1.5,2,11.2,ROUTINE_CYCLE,12.8,ROUTINE_CYCLE,752
TDMS-DEF-0215,ELECTRICAL_TRD,TDMS,NBK,Nungambakkam,7.73,OHE_HEIGHT_STAGGER_ROUTINE,16.7,0,1.5,2,12.0,ROUTINE_CYCLE,12.8,ROUTINE_CYCLE,753
TMS-DEF-0295,ENGINEERING_CIVIL,TMS,GI,Guduvancheri,41.06,RAIL_FLANGE_LUBRICATION,4.1,1,1.0,2,12.0,ROUTINE_CYCLE,12.7,ROUTINE_CYCLE,754
TMS-DEF-0254,ENGINEERING_CIVIL,TMS,GDY,Guindy,15.64,RAIL_FLANGE_LUBRICATION,3.2,3,1.0,1,9.8,ROUTINE_CYCLE,12.7,ROUTINE_CYCLE,755
TDMS-DEF-0079,ELECTRICAL_TRD,TDMS,PRGL,Perungalathur,32.18,ROUTINE_MAST_BONDING_CHECK,6.9,0,1.0,1,13.9,ROUTINE_CYCLE,12.7,ROUTINE_CYCLE,756
TMS-DEF-0015,ENGINEERING_CIVIL,TMS,MBM,Mambalam,12.09,ROUTINE_FISHPLATE_GREASING,8.1,2,1.5,1,14.2,ROUTINE_CYCLE,12.2,ROUTINE_CYCLE,757
TMS-DEF-0067,ENGINEERING_CIVIL,TMS,VDR,Vandalur,34.18,RAIL_FLANGE_LUBRICATION,5.3,1,1.0,1,12.4,ROUTINE_CYCLE,12.2,ROUTINE_CYCLE,758
TMS-DEF-0172,ENGINEERING_CIVIL,TMS,CMP,Chromepet,25.27,ROUTINE_FISHPLATE_GREASING,9.7,0,1.5,1,11.5,ROUTINE_CYCLE,12.2,ROUTINE_CYCLE,759
TDMS-DEF-0093,ELECTRICAL_TRD,TDMS,VDR,Vandalur,34.5,ROUTINE_MAST_BONDING_CHECK,9.6,2,1.0,1,11.6,ROUTINE_CYCLE,12.0,ROUTINE_CYCLE,760
SMMS-DEF-0124,S_AND_T,SMMS,TBM,Tambaram,29.32,ROUTINE_POINT_CLEANING_GREASING,0.7,6,1.0,2,11.9,ROUTINE_CYCLE,11.9,ROUTINE_CYCLE,761
TMS-DEF-0006,ENGINEERING_CIVIL,TMS,SP,Saidapet,13.39,ROUTINE_FISHPLATE_GREASING,2.4,1,1.5,1,11.8,ROUTINE_CYCLE,11.9,ROUTINE_CYCLE,762
TMS-DEF-0047,ENGINEERING_CIVIL,TMS,MKK,Kodambakkam,9.98,ROUTINE_FISHPLATE_GREASING,8.1,3,1.5,1,15.9,ROUTINE_CYCLE,11.9,ROUTINE_CYCLE,763
TMS-DEF-0011,ENGINEERING_CIVIL,TMS,SP,Saidapet,13.68,RAIL_FLANGE_LUBRICATION,5.5,0,1.0,1,11.6,ROUTINE_CYCLE,11.5,ROUTINE_CYCLE,764
TDMS-DEF-0123,ELECTRICAL_TRD,TDMS,SP,Saidapet,12.89,ROUTINE_MAST_BONDING_CHECK,4.4,0,1.0,1,11.6,ROUTINE_CYCLE,11.4,ROUTINE_CYCLE,765
TDMS-DEF-0041,ELECTRICAL_TRD,TDMS,MPK,Chennai Park,3.47,OHE_HEIGHT_STAGGER_ROUTINE,4.3,1,1.5,2,10.6,ROUTINE_CYCLE,11.3,ROUTINE_CYCLE,766
TMS-DEF-0112,ENGINEERING_CIVIL,TMS,MS,Chennai Egmore,5.04,RAIL_FLANGE_LUBRICATION,3.8,1,1.0,1,10.7,ROUTINE_CYCLE,11.3,ROUTINE_CYCLE,767
TDMS-DEF-0189,ELECTRICAL_TRD,TDMS,PZA,Pazhavanthangal,19.4,ROUTINE_MAST_BONDING_CHECK,0.5,5,1.0,2,9.3,ROUTINE_CYCLE,10.2,ROUTINE_CYCLE,768
SMMS-DEF-0095,S_AND_T,SMMS,NBK,Nungambakkam,8.43,LED_UNIT_ROUTINE_INSPECTION,8.5,4,1.0,1,9.1,ROUTINE_CYCLE,9.9,ROUTINE_CYCLE,769
TDMS-DEF-0073,ELECTRICAL_TRD,TDMS,GDY,Guindy,14.5,ROUTINE_MAST_BONDING_CHECK,6.9,4,1.0,1,5.7,ROUTINE_CYCLE,9.0,ROUTINE_CYCLE,770
